Suburb,Name,Latitude,Latitude
Abbotsford,Church St,-37.8104897,145.0005172
Abbotsford,Church St,-37.8106782,145.0008314
Abbotsford,McKay St/Victoria St,-37.8108236,145.0039382
Abbotsford,Victoria St,-37.8109322,145.0006929
Abbotsford,McKay St/Victoria St,-37.8109812,145.0043279
Abbotsford,Lennox St,-37.8101742,144.9961508
Abbotsford,Nicholson St/Victoria St,-37.8099847,144.9957872
Albert Park,Tram Stop,-37.8440091,144.9513967
Albert Park,Richardson St/Victoria Ave,-37.8439276,144.9512562
Albert Park,Richardson St,-37.843788,144.951677
Albert Park,Cardigan St/Victoria Ave,-37.8416435,144.9531589
Albert Park,Merton St/Dundas Pl,-37.8412737,144.9538186
Albert Park,Graham St/Victoria Ave,-37.8456852,144.9497892
Albert Park,Graham Street - Stop 31,-37.8457674,144.9500162
Albert Park,Montague St/Bridport St,-37.8406828,144.9554238
Albert Park,Bridport St/Montague St,-37.8404017,144.9557091
Albert Park,Beaconsfield Pde/Victoria Ave,-37.8472181,144.9486372
Albert Park,Montague St/Park St,-37.8375497,144.9542198
Albert Park,Montague Street,-37.8373121,144.9544616
Albert Park,Albert Park Station/Light Rail,-37.8401047,144.9585659
Albert Park,Albert Park Station/Light Rail (South Melbourne),-37.8403064,144.9587951
Albert Park,Ferrars St/Park St,-37.836616,144.9563762
Albert Park,Kerferd Rd/Canterbury Rd,-37.8424428,144.9593463
Albert Park,Canterbury Rd/Albert Rd,-37.8422583,144.9595346
Albert Park,Ferrars St/Park St,-37.8366781,144.9569517
Albert Park,Carter St/Mills St,-37.8456255,144.9588427
Albert Park,Richardson St/Mills St,-37.8474272,144.9573398
Albert Park,Carter St,-37.8456765,144.9591012
Albert Park,Richardson St/Mills St,-37.8472275,144.9578059
Albert Park,Canterbury Road - Stop 133,-37.844123,144.9600919
Albert Park,Canterbury Rd/Mills St,-37.8445056,144.9600487
Albert Park,Danks St/Mills St (Middle Park),-37.8493079,144.9560738
Albert Park,Aughtie Dr/Albert Rd (Albert Park),-37.8407158,144.9611132
Albert Park,Cecil St/Park St,-37.8361263,144.9585839
Armadale,Tram Depot,-37.858508,145.0274626
Armadale,Kooyong Rd/High St,-37.8555851,145.0208036
Armadale,Kooyong Rd/High St,-37.8554099,145.0205811
Armadale,Huntingtower Rd/High St (Armadale),-37.8558088,145.023688
Armadale,42-Huntingtower Rd/High St (Armadale),-37.855993,145.0238717
Armadale,Armadale Station - Stop 40,-37.8552837,145.018499
Armadale,Armadale Station - Stop 40,-37.8551081,145.0183006
Armadale,Mercer Rd/High St,-37.8561117,145.0259312
Armadale,Mercer Rd/High St,-37.856305,145.0262927
Armadale,Kooyong Rd/Wattletree Rd,-37.8611761,145.0195902
Armadale,Kooyong Rd/Wattletree Rd,-37.8613729,145.0200187
Armadale,Armadale St/Wattletree Rd,-37.8609415,145.0177959
Armadale,Egerton Rd/Wattletree Rd,-37.8615918,145.0227003
Armadale,Auburn Gr/High St,-37.8548771,145.0153775
Armadale,Egerton Rd/Wattletree Rd,-37.8617257,145.02277
Armadale,Auburn Gr/High St,-37.8546743,145.0149925
Armadale,Cantala Ave/Dandenong Rd,-37.8619041,145.017732
Armadale,Cantala Ave/Dandenong Rd,-37.862005,145.0177685
Armadale,Kooyong Rd/Dandenong Rd,-37.8625384,145.0191571
Armadale,Kooyong Rd/Dandenong Rd,-37.862565,145.0189576
Ascot Vale,Burrowes St/Union Rd,-37.7784938,144.9152158
Ascot Vale,Burrowes St/Union Rd,-37.7786277,144.9149835
Ascot Vale,Melbourne Showgrounds/Union Rd,-37.7802949,144.9148256
Ascot Vale,Sandown Rd/Epsom Rd (Ascot Vale),-37.782602,144.9167409
Ascot Vale,Munro St,-37.7761027,144.915395
Ascot Vale,Sandown Rd/Epsom Rd,-37.7826679,144.9166753
Ascot Vale,Bloomfield Rd/Union Rd,-37.7758894,144.91556
Ascot Vale,Racing Victoria - Stop 31,-37.7839822,144.9181124
Ascot Vale,31-Racing Victoria/Epsom Rd (Ascot Vale),-37.7844325,144.9182476
Ascot Vale,St Leonards Rd/Union Rd,-37.7736959,144.9157851
Ascot Vale,St Leonards Rd/Union Rd,-37.7735318,144.9159489
Ascot Vale,Flemington Racecourse/Epsom Rd (Flemington),-37.7854235,144.9192208
Ascot Vale,Moore St/Maribyrnong Rd,-37.7723399,144.921234
Ascot Vale,Bayview Terrace - Stop 36,-37.7720279,144.9182447
Ascot Vale,Moore St/Maribyrnong Rd,-37.7721936,144.9210991
Ascot Vale,Flemington Dr/Epsom Rd,-37.7860578,144.9200407
Ascot Vale,Bayview Terrace/Maribyrnong Road,-37.7718915,144.9182948
Ascot Vale,Maribyrnong Rd/Union Rd,-37.7718995,144.9160583
Ascot Vale,Union Rd/Maribyrnong Rd,-37.7718127,144.9163897
Ascot Vale,Ascot Vale Rd/Maribyrnong Rd,-37.7724689,144.923725
Balwyn,Balwyn Cinema/Whitehorse Rd,-37.8121132,145.0757854
Balwyn,Balwyn Cinema/Whitehorse Rd,-37.8122562,145.0759685
Balwyn,Balwyn Rd/Whitehorse Rd,-37.8127691,145.0811868
Balwyn,Balwyn Rd/Whitehorse Rd,-37.8129346,145.0815207
Balwyn,Balwyn Shopping Centre - Stop 48,-37.8130611,145.0836216
Balwyn,Balwyn Shopping Centre/Whitehorse Rd,-37.8131915,145.0837744
Balwyn,Hardwicke St/Whitehorse Rd,-37.8117534,145.0717671
Balwyn,Hardwicke St/Whitehorse Rd,-37.8115905,145.0713802
Balwyn,Northcote Ave/Whitehorse Rd (Balwyn),-37.8135518,145.0877551
Balwyn,Deepdene Park/Whitehorse Rd,-37.8113749,145.068671
Balwyn,Northcote Ave/Whitehorse Rd,-37.8136975,145.0879321
Balwyn,Deepdene Park/Whitehorse Rd,-37.8112083,145.0684059
Box Hill,Box Hill Interchange - Stop 58,-37.8178916,145.1224221
Box Hill,Nelson Rd,-37.8174324,145.119656
Box Hill,Nelson Rd / Whitehorse Rd,-37.8174458,145.1189388
Brunswick,Victoria St/Sydney Rd (Brunswick),-37.7669613,144.9622468
Brunswick,Victoria St/Sydney Rd,-37.7671411,144.9620318
Brunswick,Brunswick Baptist Church/Sydney Rd,-37.7655789,144.9622903
Brunswick,Blyth St/Sydney Rd,-37.765356,144.9625122
Brunswick,Albert St/Sydney Rd,-37.7687674,144.9619156
Brunswick,Albert St/Sydney Rd,-37.7689347,144.9617099
Brunswick,Stewart St/Sydney Rd,-37.7632324,144.9626954
Brunswick,Stewart St/Sydney Rd,-37.7630684,144.9629041
Brunswick,Glenlyon Rd/Sydney Rd,-37.7713194,144.961514
Brunswick,Brunswick Town Hall/Sydney Rd,-37.77167,144.961248
Brunswick,Albion St/Sydney Rd (Brunswick),-37.7609921,144.9630759
Brunswick,Albion St/Sydney Rd,-37.7607316,144.9633111
Brunswick,Victoria St/Lygon St,-37.7681939,144.9722232
Brunswick,Blyth St/Lygon St (Brunswick East),-37.766654,144.9724972
Brunswick,Victoria St/Lygon St,-37.7680419,144.972421
Brunswick,Blyth St/Lygon St,-37.766448,144.9727012
Brunswick,Albert St/Lygon St,-37.7697475,144.9719366
Brunswick,Albert St/Lygon St,-37.7696499,144.97212
Brunswick,Barkly Square/Sydney Rd,-37.7748189,144.9607249
Brunswick,Stewart St/Lygon St,-37.7643944,144.9729015
Brunswick,Stewart St/Lygon St,-37.7642545,144.9730942
Brunswick,Brunswick Tram Depot,-37.7578459,144.963618
Bundoora,Greenhills Rd/Plenty Rd,-37.691888,145.0630903
Bundoora,Greenhills Rd/Plenty Rd,-37.6917327,145.0631023
Bundoora,Bundoora Square SC/Plenty Rd,-37.695855,145.0596388
Bundoora,Bundoora Square SC,-37.6957068,145.0595859
Bundoora,Settlement Rd/Plenty Rd,-37.6979599,145.0588471
Bundoora,Settlement Rd/Plenty Rd,-37.6982296,145.0588754
Bundoora,Grimshaw St/Plenty Rd,-37.6998172,145.058345
Bundoora,Grimshaw St/Plenty Rd,-37.7002577,145.0581692
Bundoora,Taunton Dr/Plenty Rd,-37.6881281,145.0667278
Bundoora,Taunton Dr/Plenty Rd,-37.6878796,145.066776
Burwood,Deakin University/Burwood Hwy,-37.8499924,145.1151881
Burwood,Deakin University,-37.8501294,145.1156477
Burwood,Elgar Rd/Burwood Hwy,-37.8495077,145.1085089
Burwood,Station St/Burwood Hwy (Burwood),-37.8505954,145.1194849
Burwood,Elgar Rd/Burwood Hwy,-37.8496125,145.108362
Burwood,Station St/Burwood Hwy,-37.8506133,145.120513
Burwood,Presbyterian Ladies College/Burwood Hwy,-37.8499459,145.1058405
Burwood,Presbyterian Ladies College,-37.8499671,145.1054763
Camberwell,Willow Gve,-37.8332762,145.0726677
Camberwell,Willow Gve/Riversdale Rd,-37.8330995,145.0724002
Camberwell,Spencer Rd/Riversdale Rd,-37.8329306,145.0698079
Camberwell,Riversdale,-37.832711,145.0692508
Camberwell,Derby St/Riversdale Rd,-37.832483,145.0660641
Camberwell,Derby St/Riversdale Rd,-37.832351,145.0660778
Camberwell,Cooloongatta Rd/Riversdale Rd,-37.8336351,145.0770824
Camberwell,Cooloongatta Rd/Riversdale Rd,-37.8337926,145.0772448
Camberwell,Christowel St/Camberwell Rd,-37.8393357,145.066017
Camberwell,Bowen St/Camberwell Rd,-37.8377063,145.0642004
Camberwell,Acheron Ave/Camberwell Rd,-37.8398136,145.0663044
Camberwell,Bowen St,-37.8379382,145.064216
Camberwell,Trafalgar Road - Stop 43,-37.83224,145.0638551
Camberwell,Maple Cres/Camberwell Rd,-37.8407875,145.0676389
Camberwell,Trafalgar Rd/Riversdale Rd,-37.8320594,145.063537
Camberwell,Orange Gr/Camberwell Rd,-37.8411541,145.0678149
Camberwell,Glyndon Rd/Riversdale Rd,-37.8339069,145.0792758
Camberwell,Trafalgar Rd/Camberwell Rd,-37.836417,145.0625183
Camberwell,Glyndon Rd/Riversdale Rd,-37.8340798,145.0796668
Camberwell,Trafalgar Rd/Camberwell Rd,-37.8358995,145.0621718
Camberwell,Orrong Cres/Camberwell Rd,-37.8421166,145.0691278
Camberwell,Glen Iris Rd/Camberwell Rd,-37.842302,145.0691145
Camberwell,Wattle Valley Rd/Riversdale Rd,-37.8341185,145.0812019
Camberwell,Camberwell Civic Centre,-37.8348057,145.0606649
Camberwell,Camberwell Civic Centre,-37.8345796,145.0606235
Camberwell,Wattle Valley Rd,-37.8342848,145.0814992
Canterbury,Cooloongatta Rd/Riversdale Rd,-37.8336351,145.0770824
Canterbury,Cooloongatta Rd/Riversdale Rd,-37.8337926,145.0772448
Canterbury,Glyndon Rd/Riversdale Rd,-37.8339069,145.0792758
Carlton,University of Melbourne/Swanston St,-37.7988145,144.9642755
Carlton,Melbourne University/Swanston St,-37.7987884,144.9642587
Carlton,Lygon St/Elgin St,-37.7971142,144.9670497
Carlton,Lygon St/Elgin St,-37.7970541,144.9664968
Carlton,Lincoln Square/Swanston Street,-37.8022707,144.963608
Carlton,Lincoln Square/Swanston Street,-37.8023653,144.9637015
Carlton,Murchison St/Nicholson St,-37.8003327,144.9744424
Carlton,Moor St/Nicholson St,-37.8015875,144.9742374
Carlton,Moor St/Nicholson St,-37.8018939,144.9742404
Carlton,Lytton St/Lygon St,-37.7941351,144.9680215
Carlton,Queensberry St/Swanston St,-37.8052453,144.9631124
Carlton,Lytton St/Lygon St (Carlton),-37.7939683,144.96828
Carlton,Queensberry St/Swanston St,-37.8056169,144.9631193
Carlton,Johnston Street - Stop 13,-37.798417,144.9748848
Carlton,Johnston St/Nicholson St - Stop 13,-37.797504,144.9749112
Carlton,10-Royal Melbourne Hospital/Royal Pde (Melbourne City),-37.799442,144.9577089
Carlton,Gertrude St/Nicholson St,-37.8055871,144.9735684
Carlton,Princes St/Lygon St (Carlton North),-37.7926387,144.968303
Carlton,University of Melbourne/Royal Parade,-37.7982712,144.957624
Carlton,Haymarket - Stop 9,-37.8021264,144.9576681
Carlton,Melbourne Museum/Nicholson St,-37.8059746,144.9735611
Carlton,Haymarket/Elizabeth St,-37.8020146,144.9574937
Carlton,Victoria St/La Trobe St,-37.8076632,144.9702678
Carlton,Princes St/Lygon St,-37.7921527,144.9684715
Carlton,Kay Street - Stop 16,-37.7952462,144.9752981
Carlton,Rose St/Nicholson St,-37.7952539,144.9753871
Carlton,La Trobe St/Victoria St,-37.8076376,144.9710302
Carlton,Exhibition St/La Trobe St,-37.8081728,144.9685377
Carlton,Flemington Rd/Peel St,-37.8015206,144.9568283
Carlton,Exhibition St/La Trobe St,-37.8081879,144.9690566
Carlton,Flemington Rd/Peel St,-37.8014778,144.9567022
Carlton,Morrah St/Royal Pde,-37.7956037,144.9582133
Carlton,RMIT University/ Franklin St,-37.8078334,144.9628875
Carlton,Morrah St/Royal Pde,-37.7956011,144.9579349
Carlton,Bell St / Brunswick St,-37.8004437,144.9780115
Carlton,RMIT University/Swanston St,-37.8081923,144.9633213
Carlton,Hanover St,-37.802831,144.9776114
Carlton,Russell Street - Stop 7,-37.8088393,144.9669652
Carlton,St David Street - Stop 15,-37.8005376,144.978185
Carlton,Russell St/La Trobe St,-37.8089071,144.9660837
Carlton,Queen Victoria Market,-37.806718,144.9596476
Carlton,King William St/Brunswick St,-37.8027622,144.9778356
Carlton,Nicholson St/Victoria Pde,-37.8078185,144.9727185
Carlton,Victoria Pde/Nicholson St (Fitzroy),-37.807516,144.9734095
Carnegie,Truganini Rd,-37.890774,145.0540253
Carnegie,Glenhuntly Rd/Truganini Rd,-37.8910662,145.0540651
Carnegie,Centre Rd/Truganini Rd,-37.8926536,145.0544948
Carnegie,Carnegie,-37.8938028,145.0557297
Carnegie,Centre Rd/Truganini Rd,-37.8927329,145.054377
Carnegie,Mimosa Rd/Glenhuntly Rd,-37.8907129,145.052196
Carnegie,Mimosa Rd/Glenhuntly Rd,-37.890502,145.0517287
Caulfield,Sylverly Gr/Hawthorn Rd,-37.8824778,145.0229194
Caulfield,Briggs St/Hawthorn Rd,-37.8848407,145.0224747
Caulfield,Sylverly Gr/Hawthorn Rd (Caulfield),-37.8825731,145.0227241
Caulfield,Lockhart St/Hawthorn Rd,-37.8845628,145.0223422
Caulfield,Glenhuntly Tram Depot - Stop 53,-37.8874704,145.0268067
Caulfield,Glenhuntly Tram Depot,-37.8876148,145.0271325
Caulfield,Jasmine St/Glenhuntly Rd,-37.8871003,145.0240619
Caulfield,Jasmine St.,-37.8872184,145.0241413
Caulfield,Bambra Rd/Glenhuntly Rd,-37.8876755,145.0286622
Caulfield,Bambra Rd/Glenhuntly Rd,-37.8878389,145.0289005
Caulfield,Glenhuntly Rd/Hawthorn Rd,-37.8865802,145.0221182
Caulfield,Hawthorn Rd/Glenhuntly Rd,-37.8869861,145.022227
Caulfield,Glen Eira Rd,-37.8802415,145.0231606
Caulfield,Hawthorn Rd/Glenhuntly Rd,-37.8868069,145.0217934
Caulfield,Glen Eira Rd/Hawthorn Rd,-37.8798997,145.0234048
Caulfield,Glenhuntly Rd,-37.8871097,145.0218425
Caulfield,Fallon Street - Stop 55,-37.8879462,145.0306798
Caulfield,Fallon St/Glenhuntly Rd,-37.8881081,145.0309856
Caulfield,Kambrook Rd/Glenhuntly Rd,-37.8882415,145.0330521
Caulfield,Crotonhurst Ave/Hawthorn Rd,-37.877501,145.0237012
Caulfield,Royal Pde/Glenhuntly Rd,-37.8863907,145.0183303
Caulfield,Sycamore St/Hawthorn Rd,-37.8896938,145.0215488
Caulfield,Kean St/Glenhuntly Rd (Caulfield),-37.8884283,145.0334703
Caulfield,Royal Pde/Glenhuntly Rd,-37.8864834,145.018188
Caulfield,Northcote Ave,-37.8771953,145.0239284
Caulfield,Sycamore St/Hawthorn Rd,-37.8899574,145.0213003
Caulfield,Clarke Ave/Glenhuntly Rd,-37.8885015,145.0351141
Caulfield,Laura Street,-37.888693,145.0355412
Caulfield,Halsteed Street - Stop 52,-37.8752154,145.0241334
Clifton Hill,Clifton Hill Interchange,-37.7862325,144.9940487
Clifton Hill,Clifton Hill Interchange - Stop 25,-37.7856734,144.9944826
Clifton Hill,Walker St/High St (Northcote),-37.7838848,144.9962207
Clifton Hill,Walker St/High St,-37.7836294,144.996179
Clifton Hill,Michael Street - Stop 24,-37.7884595,144.99124
Clifton Hill,Gold St/Queens Pde,-37.7889194,144.9903486
Clifton Hill,Wellington St/Queens Pde,-37.789481,144.9887513
Clifton Hill,Wellington St/Queens Pde,-37.7897359,144.9884209
Clifton Hill,Westgarth St/High St,-37.7806987,144.996741
Clifton Hill,Westgarth St/High St,-37.7804707,144.9967932
Coburg,Victoria St/Sydney Rd,-37.7432473,144.9661746
Coburg,Munro St/Sydney Rd,-37.7450648,144.965838
Coburg,Harding St/Sydney Rd,-37.7448811,144.966091
Coburg,Coburg Market/Sydney Rd,-37.7431052,144.9663978
Coburg,Bell St/Sydney Rd,-37.7414709,144.9664697
Coburg,Bell St,-37.7411582,144.9666866
Coburg,Edward St/Sydney Rd,-37.748468,144.965461
Coburg,Reynard St/Sydney Rd,-37.7487125,144.9652334
Coburg,Champ St/Sydney Rd,-37.7375134,144.9669567
Coburg,Rogers St/Sydney Rd,-37.7364247,144.9662793
Coburg,The Avenue/Sydney Rd,-37.7518648,144.9648478
Coburg,The Avenue/Sydney Rd,-37.7520732,144.9646359
Coburg,Rogers St/Sydney Rd,-37.7355259,144.9660849
Collingwood,Hodgson St/Smith St,-37.8014134,144.9839286
Collingwood,Hodgson Street - Stop 18,-37.801534,144.9837871
Collingwood,Charles St/Smith St,-37.803428,144.983602
Collingwood,Charles St/Smith St,-37.8036079,144.9833866
Collingwood,Johnston St/Smith St,-37.7991004,144.9841541
Collingwood,Johnston St/Smith St,-37.7988387,144.984381
Collingwood,Peel St/Smith St,-37.8048417,144.9833491
Collingwood,Rose St/Smith St,-37.7968491,144.9845574
Collingwood,Keele St,-37.7967005,144.984734
Collingwood,Gertrude St/Smith St,-37.8062135,144.9831111
Collingwood,Smith St/Gertrude St,-37.8062546,144.9826862
Collingwood,Wellington St/Victoria Pde,-37.8092168,144.9859586
Collingwood,Wellington St/Victoria Pde,-37.8093279,144.9859832
Collingwood,Napier St/Gertrude St,-37.8060913,144.9798479
Collingwood,St David Street - Stop 15,-37.8005376,144.978185
Collingwood,Hoddle St/Victoria Pde (Collingwood),-37.8097096,144.9905955
Collingwood,Alexandra Pde/Smith St,-37.7942403,144.9849929
Collingwood,Napier St/Gertrude St,-37.8059188,144.9792883
Collingwood,Hoddle St/Victoria St,-37.8097902,144.9903612
Collingwood,Bell St / Brunswick St,-37.8004437,144.9780115
Collingwood,Smith St/Victoria Pde,-37.8088827,144.9827758
Collingwood,King William St/Brunswick St,-37.8027622,144.9778356
Collingwood,Hanover St,-37.802831,144.9776114
Collingwood,Johnston St/Brunswick St,-37.7981886,144.9785903
Collingwood,Johnston Street - Stop 16,-37.7985042,144.9783555
Collingwood,Smith St/Victoria Pde,-37.8089255,144.9821858
Collingwood,North Richmond Station - Stop 19,-37.8097913,144.9925582
Collingwood,Alexandra Pde/Smith St,-37.7935607,144.9853316
Collingwood,19-North Richmond Railway Station/Victoria St (Richmond),-37.8096854,144.9929598
Elsternwick,Orrong Road,-37.885045,145.0062289
Elsternwick,Orrong Road - Stop 46,-37.8848573,145.0056942
Elsternwick,Elsternwick Shopping Centre - Stop 45,-37.8847333,145.0039358
Elsternwick,Elsternwick SC/Glenhuntly Rd,-37.8846169,145.0038422
Elsternwick,Shoobra Rd/Glenhuntly Rd,-37.885388,145.0091129
Elsternwick,Shoobra Rd/Glenhuntly Rd,-37.8852438,145.0090792
Elsternwick,Elsternwick Railway Station/Glenhuntly Rd,-37.8843058,145.0005575
Elsternwick,Parkside St,-37.8857563,145.0122413
Elsternwick,Parkside St/Glenhuntly Rd,-37.8856338,145.0122503
Elsternwick,Elsternwick Station,-37.8841328,145.0004085
Elsternwick,Kooyong Rd/Glenhuntly Rd,-37.8859353,145.0148305
Elsternwick,Brighton Rd/Glenhuntly Rd,-37.8838007,144.9978383
Elsternwick,Kooyong Rd,-37.8861017,145.015086
Elsternwick,Brighton Rd/Glenhuntly Rd,-37.8839214,144.9976407
Elsternwick,Hotham St/Brighton Rd,-37.8829606,144.9965283
Elsternwick,Hotham St/Brighton Rd,-37.8829493,144.9964008
Elwood,Coleridge St/Brighton Rd,-37.8808273,144.9951002
Elwood,Coleridge St/Brighton Rd,-37.8807985,144.9951608
Elwood,Scott St/Brighton Rd,-37.8789431,144.9938926
Elwood,Scott St/Brighton Rd,-37.8789152,144.9940979
Elwood,Hotham St/Brighton Rd,-37.8829493,144.9964008
Elwood,Hotham St/Brighton Rd,-37.8829606,144.9965283
Essendon,Thorn St,-37.7483547,144.9128032
Essendon,Thorn St/Mt Alexander Rd,-37.7480294,144.9127222
Essendon,Brewster St/Mt Alexander Rd,-37.7501857,144.9142148
Essendon,Glass St/Mt Alexander Rd,-37.7464865,144.91163
Essendon,Thistle St/Mt Alexander Rd (Essendon),-37.750691,144.9143881
Essendon,Leake St/Mt Alexander Rd,-37.7464382,144.911469
Essendon,Lincoln Rd/Mt Alexander Rd,-37.744823,144.91039
Essendon,Shamrock St/Mt Alexander Rd,-37.7524981,144.9156493
Essendon,Grice Cres/Mt Alexander Rd,-37.7526368,144.9158952
Essendon,Mt Alexander Rd/Keilor Rd,-37.7441679,144.9091387
Essendon,Mt Alexander Road - Stop 47,-37.7439303,144.9089287
Essendon,Essendon Station/Napier St,-37.7548639,144.9175405
Essendon,Essendon Station,-37.7550448,144.9175003
Essendon,Service St/Keilor Rd,-37.7428215,144.9056957
Essendon,Service St/Keilor Rd,-37.7427012,144.9058081
Essendon,Nicholson St/Fletcher St,-37.7551699,144.9201659
Fitzroy,St David Street - Stop 15,-37.8005376,144.978185
Fitzroy,Bell St / Brunswick St,-37.8004437,144.9780115
Fitzroy,King William St/Brunswick St,-37.8027622,144.9778356
Fitzroy,Hanover St,-37.802831,144.9776114
Fitzroy,Johnston Street - Stop 16,-37.7985042,144.9783555
Fitzroy,Johnston St/Brunswick St,-37.7981886,144.9785903
Fitzroy,Murchison St/Nicholson St,-37.8003327,144.9744424
Fitzroy,Moor St/Nicholson St,-37.8015875,144.9742374
Fitzroy,Moor St/Nicholson St,-37.8018939,144.9742404
Fitzroy,Hodgson Street - Stop 18,-37.801534,144.9837871
Fitzroy,Hodgson St/Smith St,-37.8014134,144.9839286
Fitzroy,Johnston Street - Stop 13,-37.798417,144.9748848
Fitzroy,Charles St/Smith St,-37.8036079,144.9833866
Fitzroy,Charles St/Smith St,-37.803428,144.983602
Fitzroy,Johnston St/Smith St,-37.7991004,144.9841541
Fitzroy,Gertrude St/Brunswick St,-37.805573,144.9773922
Fitzroy,Johnston St/Nicholson St - Stop 13,-37.797504,144.9749112
Fitzroy,Brunswick St/Gertrude St,-37.8056564,144.9769603
Fitzroy,Napier St/Gertrude St,-37.8059188,144.9792883
Fitzroy,Brunswick St,-37.805838,144.9774107
Flemington,Newmarket Station,-37.787971,144.9281543
Flemington,Newmarket Plaza/Racecourse Rd,-37.7880726,144.9284211
Flemington,Smithfield Rd,-37.7877612,144.9254131
Flemington,Smithfield Road - Stop 28,-37.7876291,144.9249245
Flemington,Wellington St/Racecourse Rd,-37.7882569,144.9312731
Flemington,Wellington St/Racecourse Rd,-37.7884663,144.9316201
Flemington,Wellington St,-37.7814328,144.9326593
Flemington,Mount Alexander College,-37.7825652,144.933869
Flemington,Wellington St/Mt Alexander Rd (Flemington),-37.7811272,144.9326645
Flemington,Flemington Racecourse/Racecourse Rd,-37.7873647,144.9219383
Flemington,Mount Alexander College - Stop 25,-37.7824317,144.9339702
Flemington,Flemington Racecourse/Racecourse Rd,-37.7874532,144.9219464
Flemington,Victoria St/Racecourse Rd,-37.7884425,144.9335042
Flemington,Collett St/Racecourse Rd,-37.78852,144.9335267
Flemington,Essendon Tram Depot/Mt Alexander Rd,-37.7798503,144.931339
Flemington,Essendon Tram Depot,-37.7793877,144.9312032
Flemington,Flemington Dr/Epsom Rd,-37.7860578,144.9200407
Flemington,Flemington Racecourse/Epsom Rd (Flemington),-37.7854235,144.9192208
Flemington,23-Stubbs St/Racecourse Rd (Flemington),-37.7887448,144.9355426
Flemington,Mooltan St/Mt Alexander Rd,-37.7839358,144.9369988
Footscray,Nicholson St/Droop St,-37.7992399,144.8993807
Footscray,Nicholson St/Hopkins St,-37.79986,144.8997403
Footscray,Geelong Rd/Droop St,-37.7967835,144.8971064
Footscray,Leeds St/Hopkins St,-37.7998447,144.9008979
Footscray,Geelong Rd/Droop St,-37.7961379,144.8967636
Footscray,Hopkins St/Leeds St,-37.8000806,144.9010583
Footscray,Footscray Station/Leeds St,-37.8013836,144.90095
Footscray,Tiernan St/Droop St,-37.7948851,144.8955171
Footscray,Tiernan St/Droop St,-37.7945833,144.8954735
Footscray,Droop St/Ballarat Rd,-37.7925826,144.8935603
Footscray,Droop St/Ballarat Rd,-37.7922811,144.8934397
Glen Iris,Glen Iris,-37.8600117,145.0564691
Glen Iris,Boyanda Rd,-37.8598004,145.05415
Glen Iris,Boyanda Rd/High St,-37.8596138,145.0537953
Glen Iris,Gardiner Station - Stop 51,-37.8530185,145.0526522
Glen Iris,Burke Rd/Malvern Rd,-37.8543227,145.0515076
Glen Iris,Glenarm Rd/Malvern Rd,-37.8544288,145.0513593
Glen Iris,Burke Rd/High St,-37.8594857,145.0515026
Glen Iris,Burke Rd/High St,-37.8592881,145.0511854
Glen Iris,Bickleigh St/Burke Rd,-37.8498805,145.0532216
Glen Iris,Harris Ave/Burke Rd,-37.8497354,145.0530458
Glen Iris,Belmont Ave/Malvern Rd,-37.8540361,145.0483885
Glen Iris,Kenilworth Gr/Malvern Rd,-37.8538997,145.0483195
Glen Iris,Erica Avenue - Stop 50,-37.85911,145.0484094
Hawthorn,Urquhart St/Glenferrie Rd,-37.8260737,145.0346355
Hawthorn,Urquhart St/Glenferrie Rd,-37.8259368,145.0348344
Hawthorn,Manningtree Road - Stop 72,-37.8241748,145.0349567
Hawthorn,Manningtree Rd/Glenferrie Rd,-37.8239992,145.0351677
Hawthorn,Glenferrie Rd/Riversdale Rd,-37.8286268,145.0339486
Hawthorn,Riversdale Rd/Glenferrie Rd,-37.8286231,145.0343297
Hawthorn,Glenferrie Rd/Riversdale Rd,-37.8288232,145.0344486
Hawthorn,Riversdale Rd/Glenferrie Rd,-37.8289705,145.034093
Hawthorn,Fordholm Rd/Riversdale Rd,-37.8283506,145.0315071
Hawthorn,Fordholm Rd/Riversdale Rd,-37.828507,145.0316226
Hawthorn,Burwood Road - Stop 73,-37.8227496,145.0352395
Hawthorn,Burwood Rd/Glenferrie Rd,-37.8224845,145.0354726
Hawthorn,Berkeley St/Riversdale Rd,-37.8289739,145.0367924
Hawthorn,Berkeley St/Riversdale Rd,-37.8291661,145.0373023
Hawthorn,Through St/Riversdale Rd,-37.8280758,145.029083
Hawthorn,Through St/Riversdale Rd,-37.8282183,145.0290781
Hawthorn,Kooyongkoot Rd/Riversdale Rd,-37.8291788,145.0384727
Hawthorn,Glenferrie Station,-37.8212284,145.035704
Hawthorn,Kooyongkoot Rd/Riversdale Rd,-37.8293457,145.0386571
Hawthorn,South St/Glenferrie Rd,-37.8311118,145.0338766
Hawthorn,South St/Glenferrie Rd (Hawthorn),-37.8315018,145.0336184
Hawthorn,Glenferrie Station,-37.8205348,145.0356683
Hawthorn,Wattle Rd/Power St,-37.8248536,145.0258936
Hawthorn,Wattle Rd/Power St,-37.8250072,145.0256569
Hawthorn,Riversdale Junction,-37.8275519,145.0256562
Hawthorn,Riversdale Junction,-37.8274516,145.0255459
Hawthorn,Robinson Rd,-37.8295237,145.0415547
Hawthorn,Robinson Rd/Riversdale Rd,-37.8296622,145.0415276
Hawthorn,Callantina Rd/Glenferrie Rd,-37.8332271,145.0334973
Hawthorn,Chrystobel Cr/Glenferrie Rd,-37.8188959,145.0359853
Hawthorn,Burwood Rd/Power St,-37.8217475,145.0262676
Hawthorn,Callantina Road,-37.8334273,145.0333038
Hawthorn,Power St/Burwood Rd,-37.8214695,145.026234
Hawthorn,Chrystobel Cres/Glenferrie Rd,-37.8184981,145.0362158
Hawthorn,Auburn Rd/Riversdale Rd,-37.8297668,145.0435028
Hawthorn,Hawthorn Station - Stop 26,-37.8214527,145.0248172
Hawthorn,Auburn Rd/Riversdale Rd,-37.8299359,145.0437699
Hawthorn,Hawthorn Station,-37.8212832,145.0246076
Kensington,Wellington St/Racecourse Rd,-37.7884663,144.9316201
Kensington,Wellington St/Racecourse Rd,-37.7882569,144.9312731
Kensington,Collett St/Racecourse Rd,-37.78852,144.9335267
Kensington,Victoria St/Racecourse Rd,-37.7884425,144.9335042
Kensington,Newmarket Plaza/Racecourse Rd,-37.7880726,144.9284211
Kensington,Newmarket Station,-37.787971,144.9281543
Kensington,23-Stubbs St/Racecourse Rd (Flemington),-37.7887448,144.9355426
Kensington,Stubbs St/Racecourse Rd,-37.788766,144.9365784
Kensington,Smithfield Rd,-37.7877612,144.9254131
Kensington,Smithfield Road - Stop 28,-37.7876291,144.9249245
Kensington,Boundary Rd/Racecourse Rd,-37.7891307,144.9398481
Kensington,Boundary Rd/Racecourse Rd,-37.7892325,144.9401876
Kensington,Flemington Racecourse/Racecourse Rd,-37.7874532,144.9219464
Kensington,Flemington Racecourse/Racecourse Rd,-37.7873647,144.9219383
Kensington,Flemington Community Centre/Mt Alexander Rd,-37.7859064,144.9389261
Kensington,Boundary Rd/Flemington Rd,-37.7881591,144.9406824
Kensington,Flemington Community Centre/Mt Alexander Rd,-37.7858057,144.9389743
Kensington,Boundary Rd/Flemington Rd,-37.7881782,144.9408345
Kensington,Mooltan St/Mt Alexander Rd,-37.7842556,144.937234
Kensington,Mooltan St/Mt Alexander Rd,-37.7839358,144.9369988
Kensington,Mount Alexander College,-37.7825652,144.933869
Kensington,Mount Alexander College - Stop 25,-37.7824317,144.9339702
Kew,Charles St,-37.8049829,145.0360766
Kew,Cobden Street - Stop 35,-37.8049895,145.0355354
Kew,Union St,-37.8056357,145.034192
Kew,Pakington St/High St,-37.8055568,145.0339624
Kew,Charles St/Cotham Rd,-37.8073075,145.0353122
Kew,Charles St/Cotham Rd,-37.8074717,145.0355529
Kew,Glenferrie Rd,-37.8076261,145.0379821
Kew,Glenferrie Rd/Cotham Rd,-37.8077991,145.0382548
Kew,Cotham Rd/Glenferrie Rd,-37.8078978,145.0381231
Kew,Cotham Rd/Glenferrie Rd,-37.8079229,145.0381153
Kew,Parkhill Rd/High St,-37.8034667,145.0397939
Kew,QPO/Cotham Rd,-37.8068634,145.0315905
Kew,Gladstone St/High St,-37.8035209,145.0400263
Kew,Kew Shopping Centre/High St (Kew),-37.8066648,145.0313289
Kew,High St/Cotham Rd,-37.8069884,145.0313108
Kew,Kew Shopping Centre,-37.8068376,145.0304505
Kew,Wellington St/Glenferrie Rd,-37.809888,145.0378282
Kew,Wellington St/Glenferrie Rd,-37.8100868,145.0376377
Kew,Kew Junction/High St,-37.8074314,145.0291659
Kew,Belmont Ave/Cotham Rd,-37.8080981,145.0422853
Malvern,Tram Depot,-37.858508,145.0274626
Malvern,Fraser St/High St,-37.8573702,145.0356418
Malvern,Fraser St/High St,-37.8575575,145.0357997
Malvern,Dixon St/High St,-37.8576936,145.0380125
Malvern,Dixon St/High St,-37.8578574,145.0380998
Malvern,De La Salle College/High St,-37.8571708,145.0329156
Malvern,De La Salle College,-37.8569417,145.0323835
Malvern,Tooronga Rd/High St,-37.8580844,145.0410744
Malvern,Tooronga Rd/High St,-37.8582779,145.0414334
Malvern,Elizabeth St/Malvern Rd,-37.8524168,145.0354434
Malvern,Shaftesbury Ave/Malvern Rd,-37.8528705,145.038861
Malvern,Elizabeth St,-37.8522689,145.0353377
Malvern,Meredith St/Malvern Rd,-37.8527701,145.0392357
Malvern,Glenferrie Rd/High St,-37.8567135,145.0295072
Malvern,High St/Glenferrie Rd,-37.8565049,145.0294031
Malvern,High St/Glenferrie Rd,-37.8568203,145.0291741
Malvern,Glenferrie Rd/High St (Malvern),-37.8565066,145.0290589
Malvern,Plant St/Malvern Rd (Malvern),-37.8520636,145.0327126
Malvern,Bell St/Glenferrie Rd,-37.8540893,145.029765
Malvern,Malvern Tram Depot/Glenferrie Rd,-37.8588479,145.02899
Malvern,Sorrett Ave/Glenferrie Rd (Malvern),-37.8540375,145.0295949
Malvern,Plant St/Malvern Rd,-37.8518662,145.0323667
Malvern,Malvern Tram Depot/Glenferrie Rd,-37.8590109,145.0288294
Malvern,Tooronga Rd/Malvern Rd,-37.8531301,145.0419708
Malvern,Tooronga Rd/Malvern Rd,-37.8533085,145.0423366
Malvern,47-Cabrini Hospital/Wattletree Rd (Malvern),-37.8629615,145.0334773
Malvern,Cabrini Hospital - Stop 47,-37.8631553,145.0338893
Malvern,Dixon St/Wattletree Rd (Malvern),-37.8633846,145.0366626
Malvern,Harold Holt Swim Centre/High St,-37.8584539,145.0441402
Malvern,Dixon St/Wattletree Rd,-37.8636396,145.0372872
Malvern,Nicholls St/Wattletree Rd,-37.86282,145.0313383
Malvern,Soudan St/Wattletree Rd,-37.8626335,145.0309593
Malvern,Glenferrie Road,-37.8517198,145.030292
Malvern,Malvern Rd/Glenferrie Rd,-37.8518751,145.0299223
Malvern,Harold Holt Swim Centre - Stop 49,-37.8586643,145.044739
Malvern,55-Llaneast St/Glenferrie Rd (Malvern),-37.861091,145.0286314
Malvern,Malvern Rd/Glenferrie Rd,-37.8515517,145.0301692
Malvern,Edsall St/Glenferrie Rd,-37.861188,145.0284774
Malvern,Glenferrie Rd/Malvern Rd,-37.8515306,145.0297995
Malvern,Tooronga Rd,-37.863837,145.0400208
Malvern,Mercer Rd/High St,-37.856305,145.0262927
Malvern,Tooronga Rd/Wattletree Rd,-37.8639845,145.0402561
Malvern,Wattletree Rd/Glenferrie Rd,-37.862193,145.0284586
Malvern,Mercer Rd/High St,-37.8561117,145.0259312
Malvern,Glenferrie Rd/Wattletree Rd,-37.8624483,145.0285101
Malvern,Glenferrie Rd/Wattletree Rd,-37.8622688,145.0280914
Malvern,Wattletree Road - Stop 54,-37.8624829,145.0282353
Malvern,Edgar Street - Stop 48,-37.8535491,145.045584
Malvern,Edgar Street,-37.8537323,145.0458349
Malvern,Stonnington Pl/Glenferrie Rd,-37.8496475,145.0305439
Malvern,Stonnington Pl / Glenferrie Rd,-37.8496624,145.0303609
Middle Park,Armstrong Street - Stop 138,-37.8527177,144.9621631
Middle Park,Armstrong St/Danks St,-37.853068,144.9624401
Middle Park,Middle Park,-37.8496846,144.9655322
Middle Park,Langridge St/Patterson St,-37.8544423,144.9652614
Middle Park,Harold St/Danks St,-37.8513712,144.9591986
Middle Park,Middle Park,-37.8495784,144.9656173
Middle Park,Harold St/Danks St,-37.8509845,144.9588847
Middle Park,Langridge St/Patterson St (Middle Park),-37.8547887,144.9656096
Middle Park,Fraser St/Patterson St,-37.8553834,144.967052
Middle Park,Fraser St/Park St,-37.8557431,144.9674085
Middle Park,Mills St,-37.8497165,144.9560087
Middle Park,Danks St/Mills St (Middle Park),-37.8493079,144.9560738
Middle Park,Richardson St/Mills St,-37.8472275,144.9578059
Middle Park,Wright street,-37.8456608,144.9617724
Middle Park,Richardson St/Mills St,-37.8474272,144.9573398
Middle Park,Fraser St/Light Rail (Middle Park),-37.8537097,144.9710074
Middle Park,Fraser St/Light Rail (Middle Park),-37.8539779,144.9711578
Middle Park,Melbourne Sports and Aquatic Centre/Light Rail (Middle Park),-37.8450783,144.9615127
Middle Park,Carter St,-37.8456765,144.9591012
Middle Park,Carter St/Mills St,-37.8456255,144.9588427
Mont Albert,Hood St/Whitehorse Rd,-37.8163414,145.1098238
Mont Albert,55-Hood St/Whitehorse Rd,-37.8161914,145.1094641
Mont Albert,Elgar Rd/Whitehorse Rd,-37.8168898,145.114584
Mont Albert,Elgar Rd/Whitehorse Rd,-37.8168741,145.1153936
Mont Albert,Inglisby Rd/Whitehorse Rd,-37.815387,145.1030008
Mont Albert,Inglisby Rd/Whitehorse Rd,-37.8154531,145.1027806
Mont Albert,Nelson Rd / Whitehorse Rd,-37.8174458,145.1189388
Mont Albert,Nelson Rd,-37.8174324,145.119656
Mont Albert,Union Rd,-37.8151065,145.0995324
Mont Albert,Union Rd/Whitehorse Rd,-37.8149731,145.0992827
Moonee Ponds,Moonee Ponds Junction,-37.7667158,144.9248193
Moonee Ponds,Moonee Ponds Junction,-37.7668753,144.9249391
Moonee Ponds,Moonee Valley Civic Centre/Pascoe Vale Rd (Moonee Ponds),-37.7640048,144.9253437
Moonee Ponds,Moonee Valley Civic Centre/Pascoe Vale Rd,-37.7643176,144.9254648
Moonee Ponds,Queens Park/Pascoe Vale Rd,-37.7627422,144.9255642
Moonee Ponds,Queens Park/Pascoe Vale Rd,-37.762485,144.9258084
Moonee Ponds,Chaucer St/Ascot Vale Rd,-37.7700506,144.9242838
Moonee Ponds,Chaucer St,-37.7700423,144.924446
Moonee Ponds,Murray St/Pascoe Vale Rd,-37.7598688,144.9260516
Moonee Ponds,Bayview Terrace/Maribyrnong Road,-37.7718915,144.9182948
Moonee Ponds,Bayview Terrace - Stop 36,-37.7720279,144.9182447
Moonee Ponds,Salisbury St/Pascoe Vale Rd,-37.7597404,144.9262861
Moonee Ponds,Moore St/Maribyrnong Rd,-37.7721936,144.9210991
Moonee Ponds,Union Rd/Maribyrnong Rd,-37.7716261,144.9158805
Moonee Ponds,Union Rd/Maribyrnong Rd,-37.7718127,144.9163897
Moonee Ponds,Moore St/Maribyrnong Rd,-37.7723399,144.921234
Moonee Ponds,Montgomery St/Mt Alexander Rd,-37.7706859,144.9260711
Moonee Ponds,Montgomery St/Mt Alexander Rd,-37.7705986,144.9262325
Moonee Ponds,Maribyrnong Rd/Union Rd,-37.7718995,144.9160583
Moonee Ponds,Ascot Vale Rd/Maribyrnong Rd,-37.7724689,144.923725
North Melbourne,Harker St/Flemington Rd,-37.7967606,144.9513535
North Melbourne,Haines St/Abbotsford St,-37.7986056,144.9461988
North Melbourne,Haines St,-37.7981847,144.9463836
North Melbourne,Arden St/Abbotsford St,-37.8007961,144.9458026
North Melbourne,Arden St/Abbotsford St (North Melbourne),-37.8009617,144.9458793
North Melbourne,Canning St/Abbotsford St,-37.7967431,144.9465471
North Melbourne,Molesworth St,-37.7963074,144.9467053
North Melbourne,Queensberry St,-37.802375,144.9456328
North Melbourne,Abbotsford St/Queensberry St (North Melbourne),-37.8026513,144.9457378
North Melbourne,Curzon St,-37.8027392,144.9479425
North Melbourne,Erskine St/Abbotsford St,-37.7952552,144.9467794
North Melbourne,Curzon St,-37.8030404,144.9484084
North Melbourne,North Melbourne Town Hall,-37.8029063,144.9493721
North Melbourne,Chapman St/Abbotsford St,-37.7948816,144.9469686
North Melbourne,North Melbourne Town Hall/Errol St,-37.8032454,144.949536
North Melbourne,Park Dr/Flemington Rd,-37.7974545,144.9523682
North Melbourne,Murphy St/Flemington Rd,-37.7976908,144.9525103
North Melbourne,Royal Childrens Hospital/Flemington Rd,-37.7941752,144.9480896
North Melbourne,Abbotsford St Interchange,-37.7940444,144.9471007
North Melbourne,Abbotsford St Interchange / Flemington Road,-37.7937658,144.9471276
North Melbourne,Victoria Street - Stop 11,-37.8049373,144.9493518
North Melbourne,Errol St/Victoria St,-37.8051866,144.9494792
North Melbourne,Royal Melbourne Hospital,-37.7998996,144.9552805
North Melbourne,14-Royal Melbourne Hospital/Flemington Rd (Parkville),-37.8000185,144.9555818
North Melbourne,Chetwynd St/Victoria St,-37.8053897,144.9519809
North Melbourne,Chetwynd Street/Victoria Street,-37.805615,144.9524738
North Melbourne,Royal Park/Royal Park (Parkville),-37.7914042,144.9492485
North Melbourne,Royal Park/Royal Park,-37.7913798,144.9493968
North Melbourne,Flemington Rd/Peel St,-37.8014778,144.9567022
North Melbourne,Howard St/Victoria St,-37.8055763,144.9534782
North Melbourne,Flemington Rd/Peel St,-37.8015206,144.9568283
North Melbourne,Howard St/Victoria St,-37.8056826,144.9539698
North Melbourne,University of Melbourne/Royal Parade,-37.7982712,144.957624
North Melbourne,10-Royal Melbourne Hospital/Royal Pde (Melbourne City),-37.799442,144.9577089
North Melbourne,Queensberry St/Peel St,-37.8034111,144.9563651
North Melbourne,Queensberry St/Peel St,-37.8035358,144.9564694
Parkville,Harker St/Flemington Rd,-37.7967606,144.9513535
Parkville,Elliot Ave/Royal Park (Parkville),-37.7879772,144.9497439
Parkville,Elliot Ave/Royal Park,-37.7878305,144.9496083
Parkville,Royal Park/Royal Park,-37.7913798,144.9493968
Parkville,Royal Park/Royal Park (Parkville),-37.7914042,144.9492485
Parkville,State Netball Hockey Centre/Royal Park,-37.7845066,144.9488467
Parkville,State Netball Hockey Centre/Royal Park,-37.7843433,144.9486736
Parkville,Melbourne Zoo/Royal Park,-37.7824269,144.9492436
Parkville,Leonard St/Royal Pde,-37.7879012,144.9588806
Parkville,Macarthur Rd/Royal Pde,-37.7900365,144.958639
Parkville,Melrose St/Flemington Rd,-37.7904263,144.9435164
Parkville,Leonard St/Royal Pde,-37.7876669,144.9591744
Parkville,Cemetery Road West/Royal Pde,-37.7897268,144.9588918
Parkville,Melrose St/Flemington Rd,-37.7904629,144.9434471
Parkville,Abbotsford St Interchange / Flemington Road,-37.7937658,144.9471276
Parkville,Royal Childrens Hospital/Flemington Rd,-37.7941752,144.9480896
Parkville,Abbotsford St Interchange,-37.7940444,144.9471007
Parkville,Royal Park Station/Royal Park,-37.7809768,144.9506873
Parkville,Royal Park Station/Royal Park,-37.7808778,144.9507786
Parkville,Visy Park/Royal Pde,-37.7848672,144.9592597
Parkville,Gatehouse St/Royal Pde,-37.7923433,144.958562
Parkville,Gatehouse St/Royal Pde,-37.7927573,144.9583091
Parkville,Walker St/Royal Pde,-37.784574,144.959544
Parkville,Chapman St/Abbotsford St,-37.7948816,144.9469686
Parkville,Erskine St/Abbotsford St,-37.7952552,144.9467794
Parkville,Boundary Rd/Flemington Rd,-37.7881782,144.9408345
Parkville,Boundary Rd/Flemington Rd,-37.7881591,144.9406824
Parkville,Boundary Rd/Racecourse Rd,-37.7892325,144.9401876
Parkville,Boundary Rd/Racecourse Rd,-37.7891307,144.9398481
Parkville,Molesworth St,-37.7963074,144.9467053
Preston,David St/Plenty Rd,-37.7432135,145.0079802
Preston,David St/Plenty Rd,-37.7428383,145.0085216
Preston,East Preston Tram Depot - Stop 46,-37.744616,145.0068478
Preston,Gower St/Plenty Rd,-37.7411595,145.0095894
Preston,Bell St/Plenty Rd,-37.7452954,145.0065637
Preston,Gower St/Plenty Rd,-37.7407967,145.0101081
Preston,Bell St/Plenty Rd,-37.7458922,145.0058593
Preston,Osborne Grove - Stop 44,-37.7469546,145.0053759
Preston,Seymour St,-37.7470612,145.0051197
Preston,Murray Rd/Plenty Rd,-37.738919,145.0113849
Preston,Murray Rd/Plenty Rd,-37.7386382,145.0117549
Preston,Raglan St/Plenty Rd (Preston),-37.7488767,145.0040855
Preston,Raglan St/Plenty Rd (Preston),-37.7491931,145.0036928
Preston,Sylvester Gr/Plenty Rd,-37.7368388,145.0124184
Preston,Sylvester Gr/Plenty Rd,-37.7368458,145.0126257
Richmond,Gipps St/Church St,-37.8237305,144.9983841
Richmond,Gipps St/Church St,-37.8239992,144.9981438
Richmond,St Ignatius Church,-37.8218438,144.9985354
Richmond,St Ignatius Church,-37.8216545,144.998747
Richmond,Swan St/Church St,-37.8255521,144.9980505
Richmond,Church St/Swan St,-37.8256039,144.9978082
Richmond,Abinger St/Church St,-37.8203209,144.9987985
Richmond,Abinger St/Church St,-37.8203527,144.9989638
Richmond,Church St/Swan St,-37.8258026,144.9981491
Richmond,Swan Street,-37.8258193,144.9978063
Richmond,Swan Street Shopping Centre/Swan St,-37.8253827,144.9958983
Richmond,Swan Street Shopping Centre/Swan St,-37.8255399,144.9960795
Richmond,East Richmond Railway Station/Church St,-37.8266309,144.9978444
Richmond,Lennox St/Swan St,-37.8252395,144.9934842
Richmond,Lennox St,-37.8250907,144.9932703
Richmond,Bridge Rd/Church St,-37.8186873,144.9990508
Richmond,Church St/Bridge Rd,-37.8186168,144.9993575
Richmond,Waltham St/Bridge Rd,-37.818448,144.9972642
Richmond,Church St/Bridge Rd (Richmond),-37.8184701,144.9989808
Richmond,Coppin St/Swan St,-37.8260868,145.0023452
South Melbourne,Clarendon St/Park St,-37.8352084,144.9612851
South Melbourne,Cecil St/Park St,-37.8359173,144.9588805
South Melbourne,129-Park St/Clarendon St (South Melbourne),-37.8350138,144.9616411
South Melbourne,Park St/Clarendon St,-37.8354336,144.9615855
South Melbourne,Clarendon St/Park St,-37.8352173,144.961943
South Melbourne,Cecil St/Park St,-37.8361263,144.9585839
South Melbourne,Dorcas St/Clarendon St,-37.8331782,144.9605417
South Melbourne,Dorcas St/Clarendon St (South Melbourne),-37.8327428,144.9605699
South Melbourne,Ferrars St/Park St,-37.8366781,144.9569517
South Melbourne,Moray St.,-37.8344839,144.9638367
South Melbourne,Ferrars St/Park St,-37.836616,144.9563762
South Melbourne,Raglan St/Clarendon St,-37.8376144,144.9625774
South Melbourne,Moray St/Park St,-37.8345214,144.9644397
South Melbourne,South Melbourne,-37.8331658,144.9555034
South Melbourne,York St/Clarendon St,-37.8309861,144.9595274
South Melbourne,South Melbourne,-37.8330506,144.9553037
South Melbourne,York St/Clarendon St,-37.8305926,144.9595973
South Melbourne,Albert Rd/Clarendon St,-37.8388393,144.9634513
South Melbourne,Dorcas St/Eastern Rd,-37.8322897,144.9649998
South Melbourne,Montague Street,-37.8373121,144.9544616
South Melbourne,Dorcas St/Eastern Rd,-37.832167,144.9651696
South Melbourne,Clarendon St/Albert Rd,-37.839543,144.9628626
South Melbourne,Albert Park Station/Light Rail,-37.8401047,144.9585659
South Melbourne,Montague St/Park St,-37.8375497,144.9542198
South Melbourne,Albert Park Station/Light Rail (South Melbourne),-37.8403064,144.9587951
South Melbourne,Aughtie Dr/Albert Rd,-37.8405545,144.9615096
South Melbourne,Aughtie Dr/Albert Rd (Albert Park),-37.8407158,144.9611132
South Melbourne,Sturt St/Kings Way (Southbank),-37.8310546,144.9653901
South Melbourne,Sturt St/Kings Way,-37.8305476,144.9649968
South Melbourne,York St/Kings Way,-37.829637,144.963988
South Melbourne,York St/Kings Way,-37.8295105,144.9639907
South Melbourne,Bridport St/Montague St,-37.8404017,144.9557091
South Melbourne,Kings Way/Sturt St,-37.8300584,144.9652522
South Melbourne,Kings Way/Sturt St,-37.8301243,144.9653955
South Melbourne,Wells St - Stop 119,-37.8333497,144.9681678
South Melbourne,Montague St/Bridport St,-37.8406828,144.9554238
South Melbourne,City Rd/Light Rail (South Melbourne),-37.8297882,144.9543218
South Melbourne,City Rd/Light Rail,-37.829596,144.9544291
South Melbourne,City Rd/Clarendon St,-37.82796,144.9583032
South Melbourne,Canterbury Rd/Albert Rd,-37.8422583,144.9595346
St Kilda,34-Inkerman St/St Kilda Rd (St Kilda),-37.8640957,144.9854638
St Kilda,Argyle St/St Kilda Rd,-37.862478,144.9849188
St Kilda,Argyle St/St Kilda Rd (St Kilda),-37.8620291,144.9848744
St Kilda,Barkly St/Carlisle St,-37.8670713,144.9810949
St Kilda,Barkly St/Carlisle St,-37.8670859,144.9811183
St Kilda,Inkerman St/St Kilda Rd,-37.8650664,144.9858923
St Kilda,Alma Rd/St Kilda Rd (St Kilda),-37.8609418,144.9845015
St Kilda,Greeves St/Carlisle St,-37.8674779,144.9840064
St Kilda,Greeves St/Carlisle St,-37.8675888,144.9838648
St Kilda,Havelock St/Carlisle St,-37.8670424,144.9785845
St Kilda,Alma Rd/St Kilda Rd,-37.8599604,144.9840656
St Kilda,Belford St/Acland St,-37.8682758,144.9795626
St Kilda,Luna Park / Cavell Street,-37.8669935,144.9772102
St Kilda,Luna Park/The Esplanade,-37.8670556,144.977095
St Kilda,Acland Street - Stop 139,-37.8688747,144.9799478
St Kilda,Carlisle St/St Kilda Rd,-37.8674788,144.9868181
St Kilda,Brighton Rd/Carlisle St,-37.8678411,144.9865572
St Kilda,Canterbury Rd/Fitzroy St,-37.8600574,144.9770294
St Kilda,Canterbury Rd/Fitzroy St,-37.8599216,144.9770219
St Kilda,St Kilda Station/Light Rail,-37.8592702,144.9776276
Surrey Hills,Alandale St/Riversdale Rd,-37.8368593,145.1046413
Surrey Hills,Alandale St/Riversdale Rd,-37.8370063,145.1047889
Surrey Hills,Ferndale St/Riversdale Rd,-37.83709,145.106658
Surrey Hills,Wattle Park,-37.8365314,145.1021839
Surrey Hills,60-Ferndale St/Riversdale Rd (Surrey Hills),-37.8372135,145.106684
Surrey Hills,Wattle Park/Riversdale Rd,-37.8367751,145.1026554
Surrey Hills,Glendale St/Riversdale Rd,-37.8362037,145.100306
Surrey Hills,Glendale St/Riversdale Rd,-37.8363006,145.1001213
Surrey Hills,Elgar Rd,-37.8376419,145.1105523
Surrey Hills,Warrigal Rd/Riversdale Rd,-37.8360646,145.0983892
Surrey Hills,Warrigal Rd/Riversdale Rd (Surrey Hills),-37.835895,145.0980726
Thornbury,Clarendon St/High St,-37.7594443,145.0005639
Thornbury,Gooch St/High St,-37.7583354,145.0007466
Thornbury,Normanby Ave/High St,-37.7596537,145.000314
Thornbury,Ballantyne St,-37.7583356,145.0005507
Thornbury,Woolton Av/High St,-37.7612355,145.0002551
Thornbury,Woolton Ave/High St (Thornbury),-37.7615257,145.0000299
Thornbury,Mansfield St/High St,-37.7565768,145.0010676
Thornbury,Mansfield St/High St (Thornbury),-37.7567119,145.0008246
Thornbury,Darebin Road - Stop 36,-37.7630924,144.9999625
Thornbury,Darebin Rd/High St,-37.7633339,144.999703
Thornbury,Collins St/High St,-37.7545811,145.0013932
Thornbury,Blythe St/High St (Thornbury),-37.75435,145.0012436
Thornbury,Dennis St/High St,-37.7655343,144.9995282
Thornbury,Dennis St/High St,-37.7657254,144.9992811
Thornbury,Miller St/High St,-37.7524606,145.0015519
Thornbury,Dundas St/Plenty Rd,-37.752014,145.0019731
Toorak,Woorigoleen Rd/Toorak Rd,-37.8420395,145.0175407
Toorak,Woorigoleen Road,-37.842168,145.0175669
Toorak,Irving Rd/Toorak Rd,-37.8423413,145.0199418
Toorak,Irving Rd/Toorak Rd (Toorak),-37.8424784,145.0201337
Toorak,Orrong Rd/Toorak Rd,-37.8417761,145.0140133
Toorak,Orrong Rd,-37.8415671,145.0135811
Toorak,Kooyong Rd/Toorak Rd,-37.8426745,145.0228091
Toorak,Kooyong Rd/Toorak Rd,-37.8428444,145.0230648
Toorak,Canterbury Rd/Toorak Rd,-37.8413939,145.0109009
Toorak,Grange Rd/Toorak Rd,-37.8412157,145.010577
Toorak,Moonga Rd/Toorak Rd,-37.8432393,145.0262556
Toorak,Moonga Rd/Toorak Rd (Toorak),-37.843157,145.0266773
Toorak,Toorak Village/Toorak Rd,-37.8411113,145.0084562
Toorak,Toorak Village/Toorak Rd,-37.8409651,145.0083422
Toorak,Clendon Rd/Malvern Rd,-37.849583,145.0152507
Toorak,Clendon Rd/Malvern Rd,-37.8498009,145.015638
Windsor,Queens Way,-37.8561439,144.9873914
Windsor,Queens Way/Queens Way,-37.8562342,144.9874504
Windsor,Prahran Station,-37.8513981,144.9892632
Windsor,Perth St/High St,-37.8512064,144.9879226
Windsor,Perth St/High St,-37.851043,144.9877924
Windsor,Prahran Station,-37.8512989,144.9896901
Windsor,Duke St/Chapel St,-37.8541099,144.9928605
Windsor,Duke St/Chapel St,-37.8539886,144.9930459
Windsor,Windsor Station,-37.856303,144.9924415
Windsor,Windsor Station,-37.8561284,144.9926653
Windsor,Punt Rd/High St,-37.8507604,144.9843705
Windsor,St Kilda Junction/St Kilda Rd,-37.8551772,144.9825198
Windsor,Chapel St/Dandenong Rd,-37.8574571,144.9917569
Windsor,St Kilda Junction - Stop 30,-37.8552384,144.9824229
Windsor,Chapel St/Dandenong Rd,-37.857437,144.991894
Windsor,High St/Chapel St,-37.8519623,144.9932932
Windsor,Punt Rd/High St,-37.8505339,144.9839197
Windsor,Dandenong Rd/Chapel St (Prahran),-37.8574021,144.9923889
Windsor,Dandenong Road - Stop 42,-37.8579243,144.9921623
Windsor,Union St/St Kilda Rd,-37.8529173,144.9816866
Windsor,Union St/St Kilda Rd,-37.8528107,144.9815391
Windsor,St Kilda Rd/Fitzroy St (St Kilda),-37.8569037,144.9822781
Windsor,St Kilda Rd/Fitzroy St,-37.8569077,144.9822756
Windsor,Barkly St/St Kilda Rd,-37.8580804,144.9834068
Windsor,Barkly St/St Kilda Rd,-37.8582364,144.9835995
Windsor,St Michaels Grammar School/Chapel St,-37.8593824,144.9920777
Windsor,St Michaels Grammar School,-37.8595159,144.9918547
Windsor,Chatham St/Chapel St,-37.8491171,144.9936999
Windsor,Alma Rd/St Kilda Rd,-37.8599604,144.9840656
Windsor,Hornby St/High St,-37.8521798,144.9963863
Windsor,Chatham Street - Stop 46,-37.8489595,144.9939027
Windsor,Hornby St/High St,-37.8523688,144.9965931
Windsor,Princes St/Fitzroy St,-37.857919,144.9805718
Windsor,High Street,-37.8497641,144.980539
Windsor,Hornby Street - Stop 33,-37.8581753,144.9955822
Windsor,High Street / St Kilda Rd,-37.8497659,144.9804259
Windsor,Princes St/Fitzroy St,-37.858053,144.9801718
Windsor,Alma Rd/St Kilda Rd (St Kilda),-37.8609418,144.9845015
Windsor,Hornby St/Dandenong Rd,-37.858337,144.9958871
Windsor,Porter St/Commercial Rd,-37.8464889,144.9907607
Windsor,Alma Rd,-37.8613318,144.9917376
Windsor,Braille Library - Stop 28,-37.8460771,144.9875863
Windsor,Porter St/Commercial Rd,-37.846317,144.9905928
Windsor,Alma Rd/Chapel St,-37.8616045,144.9914746
Windsor,The Avenue/High St,-37.8524116,144.9980552
Windsor,28-Braille Library/Commercial Rd (Prahran),-37.845899,144.9874126
Windsor,Prahran Market,-37.8467207,144.9925571
Windsor,Prahran Market - Stop 30,-37.8465377,144.9922782
Windsor,Argyle St/St Kilda Rd (St Kilda),-37.8620291,144.9848744
Windsor,Westbury St/Dandenong Rd,-37.8583914,144.9971283
Windsor,The Avenue/Dandenong Rd,-37.8583983,144.9971342
Windsor,The Avenue/High St,-37.8526379,144.9986135
Windsor,Commercial Rd,-37.8469762,144.9940316
Windsor,Punt Rd/Commercial Rd,-37.845788,144.9852504
Windsor,Chapel St/Malvern Rd,-37.8469445,144.9942824
Windsor,Chapel St,-37.8467597,144.9940147
Windsor,Punt Road - Stop 27,-37.8456325,144.9848719
Windsor,Malvern Rd/Chapel St (South Yarra),-37.8467175,144.9942539
Windsor,Argyle St/St Kilda Rd,-37.862478,144.9849188
Windsor,Moubray St/St Kilda Rd,-37.8480027,144.9796781
