Geometry,Number of Records,Population,REGION,Suburb
MULTIPOLYGON,1,71,Metropolitan Region,Abbotsford (Vic.)
MULTIPOLYGON,1,0,Metropolitan Region,Aberfeldie
MULTIPOLYGON,1,0,Metropolitan Region,Ada
MULTIPOLYGON,1,10,Metropolitan Region,Airport West
MULTIPOLYGON,1,6,Metropolitan Region,Albanvale
MULTIPOLYGON,1,0,Metropolitan Region,Albert Park (Vic.)
MULTIPOLYGON,1,13,Metropolitan Region,Albion (Vic.)
MULTIPOLYGON,1,38,Metropolitan Region,Alphington
MULTIPOLYGON,1,12,Metropolitan Region,Altona (Vic.)
MULTIPOLYGON,1,13,Metropolitan Region,Altona Meadows
MULTIPOLYGON,1,8,Metropolitan Region,Altona North
MULTIPOLYGON,1,0,Metropolitan Region,Ardeer
MULTIPOLYGON,1,35,Metropolitan Region,Armadale (Vic.)
MULTIPOLYGON,1,0,Metropolitan Region,Arthurs Creek
MULTIPOLYGON,1,0,Metropolitan Region,Arthurs Seat
MULTIPOLYGON,1,40,Metropolitan Region,Ascot Vale
MULTIPOLYGON,1,62,Metropolitan Region,Ashburton
MULTIPOLYGON,1,88,Metropolitan Region,Ashwood
MULTIPOLYGON,1,5,Metropolitan Region,Aspendale
MULTIPOLYGON,1,13,Metropolitan Region,Aspendale Gardens
MULTIPOLYGON,1,0,Metropolitan Region,Athlone
MULTIPOLYGON,1,0,Metropolitan Region,Attwood
MULTIPOLYGON,1,14,Metropolitan Region,Avondale Heights
MULTIPOLYGON,1,0,Metropolitan Region,Avonsleigh
MULTIPOLYGON,1,0,Metropolitan Region,Badger Creek
MULTIPOLYGON,1,11,Metropolitan Region,Balaclava (Vic.)
MULTIPOLYGON,1,0,Metropolitan Region,Balliang
MULTIPOLYGON,1,0,Metropolitan Region,Balliang East
MULTIPOLYGON,1,0,Metropolitan Region,Balnarring
MULTIPOLYGON,1,0,Metropolitan Region,Balnarring Beach
MULTIPOLYGON,1,259,Metropolitan Region,Balwyn
MULTIPOLYGON,1,383,Metropolitan Region,Balwyn North
MULTIPOLYGON,1,0,Metropolitan Region,Bangholme
MULTIPOLYGON,1,0,Metropolitan Region,Baw Baw (Vic.)
MULTIPOLYGON,1,0,Metropolitan Region,Baxter
MULTIPOLYGON,1,0,Metropolitan Region,Bayles
MULTIPOLYGON,1,36,Metropolitan Region,Bayswater (Vic.)
MULTIPOLYGON,1,10,Metropolitan Region,Bayswater North
MULTIPOLYGON,1,0,Metropolitan Region,Beaconsfield (Vic.)
MULTIPOLYGON,1,0,Metropolitan Region,Beaconsfield Upper
MULTIPOLYGON,1,19,Metropolitan Region,Beaumaris (Vic.)
MULTIPOLYGON,1,0,Metropolitan Region,Beenak
MULTIPOLYGON,1,0,Metropolitan Region,Belgrave
MULTIPOLYGON,1,0,Metropolitan Region,Belgrave Heights
MULTIPOLYGON,1,4,Metropolitan Region,Belgrave South
MULTIPOLYGON,1,4,Metropolitan Region,Bellfield (Banyule - Vic.)
MULTIPOLYGON,1,0,Metropolitan Region,Bend Of Islands
MULTIPOLYGON,1,178,Metropolitan Region,Bentleigh
MULTIPOLYGON,1,154,Metropolitan Region,Bentleigh East
MULTIPOLYGON,1,101,Metropolitan Region,Berwick
MULTIPOLYGON,1,0,Metropolitan Region,Beveridge
MULTIPOLYGON,1,0,Metropolitan Region,Big Pats Creek
MULTIPOLYGON,1,0,Metropolitan Region,Bittern
MULTIPOLYGON,1,16,Metropolitan Region,Black Rock (Vic.)
MULTIPOLYGON,1,179,Metropolitan Region,Blackburn
MULTIPOLYGON,1,122,Metropolitan Region,Blackburn North
MULTIPOLYGON,1,96,Metropolitan Region,Blackburn South
MULTIPOLYGON,1,0,Metropolitan Region,Blairgowrie
MULTIPOLYGON,1,0,Metropolitan Region,Blind Bight
MULTIPOLYGON,1,12,Metropolitan Region,Bonbeach
MULTIPOLYGON,1,0,Metropolitan Region,Boneo
MULTIPOLYGON,1,23,Metropolitan Region,Boronia
MULTIPOLYGON,1,0,Metropolitan Region,Botanic Ridge
MULTIPOLYGON,1,976,Metropolitan Region,Box Hill (Vic.)
MULTIPOLYGON,1,375,Metropolitan Region,Box Hill North
MULTIPOLYGON,1,264,Metropolitan Region,Box Hill South
MULTIPOLYGON,1,0,Metropolitan Region,Braeside
MULTIPOLYGON,1,28,Metropolitan Region,Braybrook
MULTIPOLYGON,1,4,Metropolitan Region,Briar Hill
MULTIPOLYGON,1,138,Metropolitan Region,Brighton (Vic.)
MULTIPOLYGON,1,72,Metropolitan Region,Brighton East
MULTIPOLYGON,1,3,Metropolitan Region,Broadmeadows (Vic.)
MULTIPOLYGON,1,0,Metropolitan Region,Brookfield (Vic.)
MULTIPOLYGON,1,7,Metropolitan Region,Brooklyn (Vic.)
MULTIPOLYGON,1,235,Metropolitan Region,Brunswick (Vic.)
MULTIPOLYGON,1,90,Metropolitan Region,Brunswick East
MULTIPOLYGON,1,74,Metropolitan Region,Brunswick West
MULTIPOLYGON,1,0,Metropolitan Region,Bulla (Vic.)
MULTIPOLYGON,1,68,Metropolitan Region,Bulleen
MULTIPOLYGON,1,946,Metropolitan Region,Bundoora (Vic.)
MULTIPOLYGON,1,0,Metropolitan Region,Bunyip
MULTIPOLYGON,1,0,Metropolitan Region,Bunyip North
MULTIPOLYGON,1,0,Metropolitan Region,Burnley
MULTIPOLYGON,1,0,Metropolitan Region,Burnside (Vic.)
MULTIPOLYGON,1,8,Metropolitan Region,Burnside Heights
MULTIPOLYGON,1,1068,Metropolitan Region,Burwood (Vic.)
MULTIPOLYGON,1,339,Metropolitan Region,Burwood East
MULTIPOLYGON,1,20,Metropolitan Region,Cairnlea
MULTIPOLYGON,1,0,Metropolitan Region,Calder Park
MULTIPOLYGON,1,0,Metropolitan Region,Caldermeade
MULTIPOLYGON,1,0,Metropolitan Region,Cambarville
MULTIPOLYGON,1,220,Metropolitan Region,Camberwell (Vic.)
MULTIPOLYGON,1,0,Metropolitan Region,Campbellfield
MULTIPOLYGON,1,0,Metropolitan Region,Cannons Creek
MULTIPOLYGON,1,141,Metropolitan Region,Canterbury (Vic.)
MULTIPOLYGON,1,0,Metropolitan Region,Cape Schanck
MULTIPOLYGON,1,0,Metropolitan Region,Cardinia
MULTIPOLYGON,1,3169,Metropolitan Region,Carlton (Vic.)
MULTIPOLYGON,1,18,Metropolitan Region,Carlton North
MULTIPOLYGON,1,685,Metropolitan Region,Carnegie
MULTIPOLYGON,1,23,Metropolitan Region,Caroline Springs
MULTIPOLYGON,1,5,Metropolitan Region,Carrum
MULTIPOLYGON,1,9,Metropolitan Region,Carrum Downs
MULTIPOLYGON,1,0,Metropolitan Region,Castella
MULTIPOLYGON,1,0,Metropolitan Region,Catani
MULTIPOLYGON,1,65,Metropolitan Region,Caulfield
MULTIPOLYGON,1,245,Metropolitan Region,Caulfield East
MULTIPOLYGON,1,159,Metropolitan Region,Caulfield North
MULTIPOLYGON,1,65,Metropolitan Region,Caulfield South
MULTIPOLYGON,1,248,Metropolitan Region,Chadstone
MULTIPOLYGON,1,13,Metropolitan Region,Chelsea
MULTIPOLYGON,1,0,Metropolitan Region,Chelsea Heights
MULTIPOLYGON,1,80,Metropolitan Region,Cheltenham (Vic.)
MULTIPOLYGON,1,22,Metropolitan Region,Chirnside Park
MULTIPOLYGON,1,0,Metropolitan Region,Christmas Hills (Vic.)
MULTIPOLYGON,1,0,Metropolitan Region,Chum Creek
MULTIPOLYGON,1,48,Metropolitan Region,Clarinda
MULTIPOLYGON,1,0,Metropolitan Region,Clarkefield
MULTIPOLYGON,1,2950,Metropolitan Region,Clayton
MULTIPOLYGON,1,267,Metropolitan Region,Clayton South
MULTIPOLYGON,1,0,Metropolitan Region,Clematis
MULTIPOLYGON,1,5,Metropolitan Region,Clifton Hill
MULTIPOLYGON,1,0,Metropolitan Region,Clonbinane
MULTIPOLYGON,1,0,Metropolitan Region,Clyde (Vic.)
MULTIPOLYGON,1,5,Metropolitan Region,Clyde North
MULTIPOLYGON,1,117,Metropolitan Region,Coburg
MULTIPOLYGON,1,37,Metropolitan Region,Coburg North
MULTIPOLYGON,1,3,Metropolitan Region,Cockatoo (Vic.)
MULTIPOLYGON,1,0,Metropolitan Region,Cocoroc
MULTIPOLYGON,1,0,Metropolitan Region,Coimadai
MULTIPOLYGON,1,0,Metropolitan Region,Coldstream (Vic.)
MULTIPOLYGON,1,63,Metropolitan Region,Collingwood (Vic.)
MULTIPOLYGON,1,0,Metropolitan Region,Coolaroo
MULTIPOLYGON,1,0,Metropolitan Region,Cora Lynn
MULTIPOLYGON,1,0,Metropolitan Region,Cottles Bridge
MULTIPOLYGON,1,16,Metropolitan Region,Craigieburn
MULTIPOLYGON,1,15,Metropolitan Region,Cranbourne
MULTIPOLYGON,1,18,Metropolitan Region,Cranbourne East
MULTIPOLYGON,1,15,Metropolitan Region,Cranbourne North
MULTIPOLYGON,1,0,Metropolitan Region,Cranbourne South
MULTIPOLYGON,1,4,Metropolitan Region,Cranbourne West
MULTIPOLYGON,1,0,Metropolitan Region,Cremorne (Vic.)
MULTIPOLYGON,1,0,Metropolitan Region,Crib Point
MULTIPOLYGON,1,60,Metropolitan Region,Croydon (Vic.)
MULTIPOLYGON,1,9,Metropolitan Region,Croydon Hills
MULTIPOLYGON,1,8,Metropolitan Region,Croydon North
MULTIPOLYGON,1,3,Metropolitan Region,Croydon South
MULTIPOLYGON,1,0,Metropolitan Region,Dallas
MULTIPOLYGON,1,0,Metropolitan Region,Dalmore
MULTIPOLYGON,1,85,Metropolitan Region,Dandenong
MULTIPOLYGON,1,35,Metropolitan Region,Dandenong North
MULTIPOLYGON,1,0,Metropolitan Region,Dandenong South
MULTIPOLYGON,1,35,Metropolitan Region,Deepdene (Vic.)
MULTIPOLYGON,1,34,Metropolitan Region,Deer Park
MULTIPOLYGON,1,8,Metropolitan Region,Delahey
MULTIPOLYGON,1,10,Metropolitan Region,Derrimut
MULTIPOLYGON,1,0,Metropolitan Region,Devon Meadows
MULTIPOLYGON,1,0,Metropolitan Region,Dewhurst
MULTIPOLYGON,1,10,Metropolitan Region,Diamond Creek
MULTIPOLYGON,1,0,Metropolitan Region,Diggers Rest
MULTIPOLYGON,1,15,Metropolitan Region,Dingley Village
MULTIPOLYGON,1,0,Metropolitan Region,Dixons Creek
MULTIPOLYGON,1,798,Metropolitan Region,Docklands
MULTIPOLYGON,1,0,Metropolitan Region,Don Valley
MULTIPOLYGON,1,566,Metropolitan Region,Doncaster
MULTIPOLYGON,1,434,Metropolitan Region,Doncaster East
MULTIPOLYGON,1,0,Metropolitan Region,Donnybrook (Vic.)
MULTIPOLYGON,1,62,Metropolitan Region,Donvale
MULTIPOLYGON,1,0,Metropolitan Region,Doreen
MULTIPOLYGON,1,9,Metropolitan Region,Doveton
MULTIPOLYGON,1,0,Metropolitan Region,Dromana
MULTIPOLYGON,1,14,Metropolitan Region,Eaglemont
MULTIPOLYGON,1,11,Metropolitan Region,East Melbourne
MULTIPOLYGON,1,0,Metropolitan Region,East Warburton
MULTIPOLYGON,1,0,Metropolitan Region,Eden Park
MULTIPOLYGON,1,10,Metropolitan Region,Edithvale
MULTIPOLYGON,1,0,Metropolitan Region,Eildon
MULTIPOLYGON,1,30,Metropolitan Region,Elsternwick
MULTIPOLYGON,1,19,Metropolitan Region,Eltham (Vic.)
MULTIPOLYGON,1,6,Metropolitan Region,Eltham North
MULTIPOLYGON,1,12,Metropolitan Region,Elwood
MULTIPOLYGON,1,0,Metropolitan Region,Emerald (Vic.)
MULTIPOLYGON,1,29,Metropolitan Region,Endeavour Hills
MULTIPOLYGON,1,32,Metropolitan Region,Epping (Vic.)
MULTIPOLYGON,1,47,Metropolitan Region,Essendon
MULTIPOLYGON,1,0,Metropolitan Region,Essendon Fields
MULTIPOLYGON,1,7,Metropolitan Region,Essendon North
MULTIPOLYGON,1,0,Metropolitan Region,Essendon West
MULTIPOLYGON,1,0,Metropolitan Region,Eumemmerring
MULTIPOLYGON,1,0,Metropolitan Region,Exford
MULTIPOLYGON,1,0,Metropolitan Region,Eynesbury
MULTIPOLYGON,1,24,Metropolitan Region,Fairfield (Vic.)
MULTIPOLYGON,1,11,Metropolitan Region,Fawkner
MULTIPOLYGON,1,0,Metropolitan Region,Fernshaw
MULTIPOLYGON,1,28,Metropolitan Region,Ferntree Gully
MULTIPOLYGON,1,0,Metropolitan Region,Ferny Creek
MULTIPOLYGON,1,0,Metropolitan Region,Fingal (Vic.)
MULTIPOLYGON,1,25,Metropolitan Region,Fitzroy (Vic.)
MULTIPOLYGON,1,12,Metropolitan Region,Fitzroy North
MULTIPOLYGON,1,19,Metropolitan Region,Flemington
MULTIPOLYGON,1,0,Metropolitan Region,Flinders (Vic.)
MULTIPOLYGON,1,228,Metropolitan Region,Footscray
MULTIPOLYGON,1,119,Metropolitan Region,Forest Hill (Vic.)
MULTIPOLYGON,1,81,Metropolitan Region,Frankston
MULTIPOLYGON,1,0,Metropolitan Region,Frankston North
MULTIPOLYGON,1,19,Metropolitan Region,Frankston South
MULTIPOLYGON,1,0,Metropolitan Region,Gaffneys Creek
MULTIPOLYGON,1,5,Metropolitan Region,Gardenvale
MULTIPOLYGON,1,0,Metropolitan Region,Garfield (Vic.)
MULTIPOLYGON,1,0,Metropolitan Region,Garfield North
MULTIPOLYGON,1,0,Metropolitan Region,Gembrook
MULTIPOLYGON,1,0,Metropolitan Region,Gentle Annie
MULTIPOLYGON,1,0,Metropolitan Region,Gilderoy
MULTIPOLYGON,1,8,Metropolitan Region,Gisborne
MULTIPOLYGON,1,0,Metropolitan Region,Gisborne South
MULTIPOLYGON,1,3,Metropolitan Region,Gladstone Park
MULTIPOLYGON,1,0,Metropolitan Region,Gladysdale
MULTIPOLYGON,1,191,Metropolitan Region,Glen Huntly
MULTIPOLYGON,1,149,Metropolitan Region,Glen Iris (Vic.)
MULTIPOLYGON,1,1091,Metropolitan Region,Glen Waverley
MULTIPOLYGON,1,58,Metropolitan Region,Glenroy (Vic.)
MULTIPOLYGON,1,3,Metropolitan Region,Gowanbrae
MULTIPOLYGON,1,14,Metropolitan Region,Greensborough
MULTIPOLYGON,1,6,Metropolitan Region,Greenvale (Vic.)
MULTIPOLYGON,1,0,Metropolitan Region,Gruyere
MULTIPOLYGON,1,0,Metropolitan Region,Guys Hill
MULTIPOLYGON,1,3,Metropolitan Region,Hadfield
MULTIPOLYGON,1,5,Metropolitan Region,Hallam
MULTIPOLYGON,1,16,Metropolitan Region,Hampton (Vic.)
MULTIPOLYGON,1,15,Metropolitan Region,Hampton East
MULTIPOLYGON,1,40,Metropolitan Region,Hampton Park
MULTIPOLYGON,1,0,Metropolitan Region,Harkaway
MULTIPOLYGON,1,5,Metropolitan Region,Hastings (Vic.)
MULTIPOLYGON,1,285,Metropolitan Region,Hawthorn (Vic.)
MULTIPOLYGON,1,181,Metropolitan Region,Hawthorn East
MULTIPOLYGON,1,0,Metropolitan Region,Healesville
MULTIPOLYGON,1,0,Metropolitan Region,Heath Hill
MULTIPOLYGON,1,41,Metropolitan Region,Heatherton
MULTIPOLYGON,1,9,Metropolitan Region,Heathmont
MULTIPOLYGON,1,25,Metropolitan Region,Heidelberg
MULTIPOLYGON,1,17,Metropolitan Region,Heidelberg Heights
MULTIPOLYGON,1,22,Metropolitan Region,Heidelberg West
MULTIPOLYGON,1,25,Metropolitan Region,Highett
MULTIPOLYGON,1,3,Metropolitan Region,Hillside (Melton - Vic.)
MULTIPOLYGON,1,0,Metropolitan Region,Hmas Cerberus
MULTIPOLYGON,1,0,Metropolitan Region,Hoddles Creek
MULTIPOLYGON,1,0,Metropolitan Region,Hopetoun Park
MULTIPOLYGON,1,36,Metropolitan Region,Hoppers Crossing
MULTIPOLYGON,1,157,Metropolitan Region,Hughesdale
MULTIPOLYGON,1,0,Metropolitan Region,Humevale
MULTIPOLYGON,1,35,Metropolitan Region,Huntingdale (Vic.)
MULTIPOLYGON,1,0,Metropolitan Region,Hurstbridge
MULTIPOLYGON,1,0,Metropolitan Region,Iona
MULTIPOLYGON,1,65,Metropolitan Region,Ivanhoe (Vic.)
MULTIPOLYGON,1,18,Metropolitan Region,Ivanhoe East
MULTIPOLYGON,1,0,Metropolitan Region,Jacana
MULTIPOLYGON,1,0,Metropolitan Region,Jam Jerrup
MULTIPOLYGON,1,0,Metropolitan Region,Jericho (Vic.)
MULTIPOLYGON,1,0,Metropolitan Region,Junction Village
MULTIPOLYGON,1,0,Metropolitan Region,Kalkallo
MULTIPOLYGON,1,0,Metropolitan Region,Kallista
MULTIPOLYGON,1,0,Metropolitan Region,Kalorama
MULTIPOLYGON,1,0,Metropolitan Region,Kangaroo Ground
MULTIPOLYGON,1,0,Metropolitan Region,Kealba
MULTIPOLYGON,1,3,Metropolitan Region,Keilor
MULTIPOLYGON,1,5,Metropolitan Region,Keilor Downs
MULTIPOLYGON,1,21,Metropolitan Region,Keilor East
MULTIPOLYGON,1,0,Metropolitan Region,Keilor Lodge
MULTIPOLYGON,1,0,Metropolitan Region,Keilor North
MULTIPOLYGON,1,0,Metropolitan Region,Keilor Park
MULTIPOLYGON,1,75,Metropolitan Region,Kensington (Vic.)
MULTIPOLYGON,1,320,Metropolitan Region,Kew (Vic.)
MULTIPOLYGON,1,51,Metropolitan Region,Kew East
MULTIPOLYGON,1,122,Metropolitan Region,Keysborough
MULTIPOLYGON,1,7,Metropolitan Region,Kilsyth
MULTIPOLYGON,1,0,Metropolitan Region,Kilsyth South
MULTIPOLYGON,1,0,Metropolitan Region,Kinglake
MULTIPOLYGON,1,0,Metropolitan Region,Kinglake Central
MULTIPOLYGON,1,0,Metropolitan Region,Kinglake West
MULTIPOLYGON,1,0,Metropolitan Region,Kings Park (Vic.)
MULTIPOLYGON,1,97,Metropolitan Region,Kingsbury
MULTIPOLYGON,1,3,Metropolitan Region,Kingsville
MULTIPOLYGON,1,32,Metropolitan Region,Knoxfield
MULTIPOLYGON,1,4,Metropolitan Region,Koo Wee Rup
MULTIPOLYGON,1,0,Metropolitan Region,Koo Wee Rup North
MULTIPOLYGON,1,11,Metropolitan Region,Kooyong
MULTIPOLYGON,1,0,Metropolitan Region,Kurunjang
MULTIPOLYGON,1,0,Metropolitan Region,Labertouche
MULTIPOLYGON,1,22,Metropolitan Region,Lalor
MULTIPOLYGON,1,0,Metropolitan Region,Lang Lang
MULTIPOLYGON,1,0,Metropolitan Region,Lang Lang East
MULTIPOLYGON,1,3,Metropolitan Region,Langwarrin
MULTIPOLYGON,1,0,Metropolitan Region,Langwarrin South
MULTIPOLYGON,1,0,Metropolitan Region,Launching Place
MULTIPOLYGON,1,14,Metropolitan Region,Laverton (Vic.)
MULTIPOLYGON,1,0,Metropolitan Region,Laverton North
MULTIPOLYGON,1,7,Metropolitan Region,Lilydale (Vic.)
MULTIPOLYGON,1,0,Metropolitan Region,Little River (Vic.)
MULTIPOLYGON,1,0,Metropolitan Region,Loch Valley
MULTIPOLYGON,1,0,Metropolitan Region,Long Forest
MULTIPOLYGON,1,0,Metropolitan Region,Longwarry
MULTIPOLYGON,1,0,Metropolitan Region,Longwarry North
MULTIPOLYGON,1,3,Metropolitan Region,Lower Plenty
MULTIPOLYGON,1,43,Metropolitan Region,Lynbrook
MULTIPOLYGON,1,17,Metropolitan Region,Lyndhurst (Vic.)
MULTIPOLYGON,1,17,Metropolitan Region,Lysterfield
MULTIPOLYGON,1,3,Metropolitan Region,Lysterfield South
MULTIPOLYGON,1,0,Metropolitan Region,Macclesfield (Vic.)
MULTIPOLYGON,1,68,Metropolitan Region,Macleod (Vic.)
MULTIPOLYGON,1,108,Metropolitan Region,Maidstone
MULTIPOLYGON,1,0,Metropolitan Region,Main Ridge
MULTIPOLYGON,1,37,Metropolitan Region,Malvern (Vic.)
MULTIPOLYGON,1,793,Metropolitan Region,Malvern East
MULTIPOLYGON,1,0,Metropolitan Region,Mambourin
MULTIPOLYGON,1,195,Metropolitan Region,Maribyrnong
MULTIPOLYGON,1,0,Metropolitan Region,Maryknoll
MULTIPOLYGON,1,0,Metropolitan Region,Marysville
MULTIPOLYGON,1,0,Metropolitan Region,Matlock
MULTIPOLYGON,1,0,Metropolitan Region,McCrae
MULTIPOLYGON,1,96,Metropolitan Region,McKinnon
MULTIPOLYGON,1,0,Metropolitan Region,McMahons Creek
MULTIPOLYGON,1,3,Metropolitan Region,Meadow Heights
MULTIPOLYGON,1,6392,Metropolitan Region,Melbourne
MULTIPOLYGON,1,0,Metropolitan Region,Melbourne Airport
MULTIPOLYGON,1,3,Metropolitan Region,Melton (Vic.)
MULTIPOLYGON,1,3,Metropolitan Region,Melton South
MULTIPOLYGON,1,6,Metropolitan Region,Melton West
MULTIPOLYGON,1,57,Metropolitan Region,Mentone
MULTIPOLYGON,1,0,Metropolitan Region,Menzies Creek
MULTIPOLYGON,1,9,Metropolitan Region,Mernda
MULTIPOLYGON,1,0,Metropolitan Region,Merricks
MULTIPOLYGON,1,0,Metropolitan Region,Merricks Beach
MULTIPOLYGON,1,0,Metropolitan Region,Merricks North
MULTIPOLYGON,1,0,Metropolitan Region,Mickleham
MULTIPOLYGON,1,0,Metropolitan Region,Middle Park (Vic.)
MULTIPOLYGON,1,63,Metropolitan Region,Mill Park
MULTIPOLYGON,1,0,Metropolitan Region,Millgrove
MULTIPOLYGON,1,99,Metropolitan Region,Mitcham (Vic.)
MULTIPOLYGON,1,0,Metropolitan Region,Modella
MULTIPOLYGON,1,3,Metropolitan Region,Monbulk
MULTIPOLYGON,1,0,Metropolitan Region,Monomeith
MULTIPOLYGON,1,85,Metropolitan Region,Mont Albert
MULTIPOLYGON,1,66,Metropolitan Region,Mont Albert North
MULTIPOLYGON,1,9,Metropolitan Region,Montmorency
MULTIPOLYGON,1,9,Metropolitan Region,Montrose (Vic.)
MULTIPOLYGON,1,38,Metropolitan Region,Moonee Ponds
MULTIPOLYGON,1,56,Metropolitan Region,Moorabbin
MULTIPOLYGON,1,0,Metropolitan Region,Moorabbin Airport
MULTIPOLYGON,1,0,Metropolitan Region,Moorooduc
MULTIPOLYGON,1,34,Metropolitan Region,Mooroolbark
MULTIPOLYGON,1,15,Metropolitan Region,Mordialloc
MULTIPOLYGON,1,5,Metropolitan Region,Mornington (Vic.)
MULTIPOLYGON,1,0,Metropolitan Region,Mount Burnett
MULTIPOLYGON,1,0,Metropolitan Region,Mount Cottrell
MULTIPOLYGON,1,0,Metropolitan Region,Mount Dandenong
MULTIPOLYGON,1,108,Metropolitan Region,Mount Eliza
MULTIPOLYGON,1,3,Metropolitan Region,Mount Evelyn
MULTIPOLYGON,1,7,Metropolitan Region,Mount Martha
MULTIPOLYGON,1,0,Metropolitan Region,Mount Toolebewong
MULTIPOLYGON,1,654,Metropolitan Region,Mount Waverley
MULTIPOLYGON,1,205,Metropolitan Region,Mulgrave (Vic.)
MULTIPOLYGON,1,193,Metropolitan Region,Murrumbeena
MULTIPOLYGON,1,0,Metropolitan Region,Nangana
MULTIPOLYGON,1,0,Metropolitan Region,Nar Nar Goon
MULTIPOLYGON,1,0,Metropolitan Region,Nar Nar Goon North
MULTIPOLYGON,1,0,Metropolitan Region,Narbethong (Vic.)
MULTIPOLYGON,1,23,Metropolitan Region,Narre Warren
MULTIPOLYGON,1,0,Metropolitan Region,Narre Warren East
MULTIPOLYGON,1,3,Metropolitan Region,Narre Warren North
MULTIPOLYGON,1,27,Metropolitan Region,Narre Warren South
MULTIPOLYGON,1,14,Metropolitan Region,Newport (Vic.)
MULTIPOLYGON,1,3,Metropolitan Region,Niddrie
MULTIPOLYGON,1,80,Metropolitan Region,Noble Park
MULTIPOLYGON,1,7,Metropolitan Region,Noble Park North
MULTIPOLYGON,1,0,Metropolitan Region,Noojee
MULTIPOLYGON,1,1120,Metropolitan Region,North Melbourne
MULTIPOLYGON,1,0,Metropolitan Region,North Warrandyte
MULTIPOLYGON,1,59,Metropolitan Region,Northcote
MULTIPOLYGON,1,272,Metropolitan Region,Notting Hill
MULTIPOLYGON,1,89,Metropolitan Region,Nunawading
MULTIPOLYGON,1,0,Metropolitan Region,Nutfield
MULTIPOLYGON,1,0,Metropolitan Region,Nyora (Vic.)
MULTIPOLYGON,1,27,Metropolitan Region,Oak Park
MULTIPOLYGON,1,0,Metropolitan Region,Oaklands Junction
MULTIPOLYGON,1,144,Metropolitan Region,Oakleigh
MULTIPOLYGON,1,296,Metropolitan Region,Oakleigh East
MULTIPOLYGON,1,89,Metropolitan Region,Oakleigh South
MULTIPOLYGON,1,4,Metropolitan Region,Officer
MULTIPOLYGON,1,0,Metropolitan Region,Officer South
MULTIPOLYGON,1,0,Metropolitan Region,Olinda (Vic.)
MULTIPOLYGON,1,135,Metropolitan Region,Ormond
MULTIPOLYGON,1,18,Metropolitan Region,Pakenham
MULTIPOLYGON,1,0,Metropolitan Region,Pakenham South
MULTIPOLYGON,1,0,Metropolitan Region,Pakenham Upper
MULTIPOLYGON,1,0,Metropolitan Region,Panton Hill
MULTIPOLYGON,1,7,Metropolitan Region,Park Orchards
MULTIPOLYGON,1,93,Metropolitan Region,Parkdale
MULTIPOLYGON,1,229,Metropolitan Region,Parkville (Vic.)
MULTIPOLYGON,1,0,Metropolitan Region,Parwan
MULTIPOLYGON,1,20,Metropolitan Region,Pascoe Vale
MULTIPOLYGON,1,13,Metropolitan Region,Pascoe Vale South
MULTIPOLYGON,1,11,Metropolitan Region,Patterson Lakes
MULTIPOLYGON,1,0,Metropolitan Region,Pearcedale
MULTIPOLYGON,1,0,Metropolitan Region,Pheasant Creek (Vic.)
MULTIPOLYGON,1,0,Metropolitan Region,Plenty (Vic.)
MULTIPOLYGON,1,0,Metropolitan Region,Plumpton (Vic.)
MULTIPOLYGON,1,296,Metropolitan Region,Point Cook
MULTIPOLYGON,1,0,Metropolitan Region,Point Leo
MULTIPOLYGON,1,0,Metropolitan Region,Point Wilson
MULTIPOLYGON,1,16,Metropolitan Region,Port Melbourne
MULTIPOLYGON,1,0,Metropolitan Region,Portsea
MULTIPOLYGON,1,0,Metropolitan Region,Powelltown
MULTIPOLYGON,1,49,Metropolitan Region,Prahran
MULTIPOLYGON,1,211,Metropolitan Region,Preston (Vic.)
MULTIPOLYGON,1,12,Metropolitan Region,Princes Hill
MULTIPOLYGON,1,0,Metropolitan Region,Quandong
MULTIPOLYGON,1,3,Metropolitan Region,Ravenhall
MULTIPOLYGON,1,0,Metropolitan Region,Red Hill (Vic.)
MULTIPOLYGON,1,0,Metropolitan Region,Red Hill South
MULTIPOLYGON,1,0,Metropolitan Region,Reefton (Vic.)
MULTIPOLYGON,1,0,Metropolitan Region,Research
MULTIPOLYGON,1,199,Metropolitan Region,Reservoir (Vic.)
MULTIPOLYGON,1,75,Metropolitan Region,Richmond (Vic.)
MULTIPOLYGON,1,0,Metropolitan Region,Riddells Creek
MULTIPOLYGON,1,85,Metropolitan Region,Ringwood (Vic.)
MULTIPOLYGON,1,55,Metropolitan Region,Ringwood East
MULTIPOLYGON,1,17,Metropolitan Region,Ringwood North
MULTIPOLYGON,1,6,Metropolitan Region,Ripponlea
MULTIPOLYGON,1,0,Metropolitan Region,Rockbank
MULTIPOLYGON,1,31,Metropolitan Region,Rosanna
MULTIPOLYGON,1,4,Metropolitan Region,Rosebud
MULTIPOLYGON,1,0,Metropolitan Region,Rosebud West
MULTIPOLYGON,1,74,Metropolitan Region,Rowville
MULTIPOLYGON,1,17,Metropolitan Region,Roxburgh Park
MULTIPOLYGON,1,0,Metropolitan Region,Rye
MULTIPOLYGON,1,0,Metropolitan Region,Rythdale
MULTIPOLYGON,1,0,Metropolitan Region,Safety Beach (Vic.)
MULTIPOLYGON,1,7,Metropolitan Region,Sandhurst
MULTIPOLYGON,1,11,Metropolitan Region,Sandringham (Vic.)
MULTIPOLYGON,1,3,Metropolitan Region,Sassafras (Vic.)
MULTIPOLYGON,1,18,Metropolitan Region,Scoresby
MULTIPOLYGON,1,14,Metropolitan Region,Seabrook
MULTIPOLYGON,1,12,Metropolitan Region,Seaford (Vic.)
MULTIPOLYGON,1,0,Metropolitan Region,Seaholme
MULTIPOLYGON,1,7,Metropolitan Region,Seddon (Vic.)
MULTIPOLYGON,1,0,Metropolitan Region,Selby
MULTIPOLYGON,1,0,Metropolitan Region,Seville
MULTIPOLYGON,1,0,Metropolitan Region,Seville East
MULTIPOLYGON,1,0,Metropolitan Region,Sherbrooke
MULTIPOLYGON,1,0,Metropolitan Region,Shoreham
MULTIPOLYGON,1,0,Metropolitan Region,Silvan
MULTIPOLYGON,1,6,Metropolitan Region,Skye (Vic.)
MULTIPOLYGON,1,0,Metropolitan Region,Smiths Gully
MULTIPOLYGON,1,0,Metropolitan Region,Somers
MULTIPOLYGON,1,0,Metropolitan Region,Somerton (Vic.)
MULTIPOLYGON,1,0,Metropolitan Region,Somerville (Vic.)
MULTIPOLYGON,1,0,Metropolitan Region,Sorrento (Vic.)
MULTIPOLYGON,1,3,Metropolitan Region,South Kingsville
MULTIPOLYGON,1,97,Metropolitan Region,South Melbourne
MULTIPOLYGON,1,12,Metropolitan Region,South Morang
MULTIPOLYGON,1,0,Metropolitan Region,South Wharf
MULTIPOLYGON,1,631,Metropolitan Region,South Yarra
MULTIPOLYGON,1,1189,Metropolitan Region,Southbank
MULTIPOLYGON,1,3,Metropolitan Region,Spotswood
MULTIPOLYGON,1,153,Metropolitan Region,Springvale (Vic.)
MULTIPOLYGON,1,27,Metropolitan Region,Springvale South
MULTIPOLYGON,1,41,Metropolitan Region,St Albans (Vic.)
MULTIPOLYGON,1,0,Metropolitan Region,St Andrews (Vic.)
MULTIPOLYGON,1,0,Metropolitan Region,St Andrews Beach
MULTIPOLYGON,1,3,Metropolitan Region,St Helena
MULTIPOLYGON,1,78,Metropolitan Region,St Kilda (Vic.)
MULTIPOLYGON,1,27,Metropolitan Region,St Kilda East
MULTIPOLYGON,1,0,Metropolitan Region,St Kilda West
MULTIPOLYGON,1,0,Metropolitan Region,Steels Creek
MULTIPOLYGON,1,0,Metropolitan Region,Strathewen
MULTIPOLYGON,1,19,Metropolitan Region,Strathmore (Vic.)
MULTIPOLYGON,1,0,Metropolitan Region,Strathmore Heights
MULTIPOLYGON,1,5,Metropolitan Region,Sunbury
MULTIPOLYGON,1,24,Metropolitan Region,Sunshine (Vic.)
MULTIPOLYGON,1,9,Metropolitan Region,Sunshine North
MULTIPOLYGON,1,40,Metropolitan Region,Sunshine West
MULTIPOLYGON,1,110,Metropolitan Region,Surrey Hills
MULTIPOLYGON,1,19,Metropolitan Region,Sydenham (Vic.)
MULTIPOLYGON,1,27,Metropolitan Region,Tarneit
MULTIPOLYGON,1,0,Metropolitan Region,Tarrawarra
MULTIPOLYGON,1,6,Metropolitan Region,Taylors Hill
MULTIPOLYGON,1,8,Metropolitan Region,Taylors Lakes
MULTIPOLYGON,1,0,Metropolitan Region,Tecoma
MULTIPOLYGON,1,130,Metropolitan Region,Templestowe
MULTIPOLYGON,1,84,Metropolitan Region,Templestowe Lower
MULTIPOLYGON,1,0,Metropolitan Region,The Basin (Vic.)
MULTIPOLYGON,1,0,Metropolitan Region,The Patch
MULTIPOLYGON,1,28,Metropolitan Region,Thomastown
MULTIPOLYGON,1,29,Metropolitan Region,Thornbury
MULTIPOLYGON,1,0,Metropolitan Region,Three Bridges
MULTIPOLYGON,1,0,Metropolitan Region,Tonimbuk
MULTIPOLYGON,1,0,Metropolitan Region,Toolangi
MULTIPOLYGON,1,0,Metropolitan Region,Toolern Vale
MULTIPOLYGON,1,0,Metropolitan Region,Tooradin
MULTIPOLYGON,1,72,Metropolitan Region,Toorak
MULTIPOLYGON,1,0,Metropolitan Region,Toorongo
MULTIPOLYGON,1,0,Metropolitan Region,Tootgarook
MULTIPOLYGON,1,0,Metropolitan Region,Tottenham (Vic.)
MULTIPOLYGON,1,128,Metropolitan Region,Travancore
MULTIPOLYGON,1,0,Metropolitan Region,Tremont
MULTIPOLYGON,1,51,Metropolitan Region,Truganina
MULTIPOLYGON,1,0,Metropolitan Region,Tuerong
MULTIPOLYGON,1,5,Metropolitan Region,Tullamarine
MULTIPOLYGON,1,4,Metropolitan Region,Tyabb
MULTIPOLYGON,1,0,Metropolitan Region,Tynong
MULTIPOLYGON,1,0,Metropolitan Region,Tynong North
MULTIPOLYGON,1,0,Metropolitan Region,Upper Ferntree Gully
MULTIPOLYGON,1,0,Metropolitan Region,Upper Plenty
MULTIPOLYGON,1,3,Metropolitan Region,Upwey
MULTIPOLYGON,1,68,Metropolitan Region,Vermont
MULTIPOLYGON,1,137,Metropolitan Region,Vermont South
MULTIPOLYGON,1,0,Metropolitan Region,Vervale
MULTIPOLYGON,1,25,Metropolitan Region,Viewbank
MULTIPOLYGON,1,0,Metropolitan Region,Wallan
MULTIPOLYGON,1,0,Metropolitan Region,Wandin East
MULTIPOLYGON,1,0,Metropolitan Region,Wandin North
MULTIPOLYGON,1,92,Metropolitan Region,Wantirna
MULTIPOLYGON,1,164,Metropolitan Region,Wantirna South
MULTIPOLYGON,1,0,Metropolitan Region,Warburton (Vic.)
MULTIPOLYGON,1,0,Metropolitan Region,Warneet
MULTIPOLYGON,1,12,Metropolitan Region,Warrandyte
MULTIPOLYGON,1,3,Metropolitan Region,Warrandyte South
MULTIPOLYGON,1,5,Metropolitan Region,Warranwood
MULTIPOLYGON,1,38,Metropolitan Region,Waterways
MULTIPOLYGON,1,12,Metropolitan Region,Watsonia
MULTIPOLYGON,1,6,Metropolitan Region,Watsonia North
MULTIPOLYGON,1,0,Metropolitan Region,Watsons Creek (Vic.)
MULTIPOLYGON,1,0,Metropolitan Region,Wattle Glen
MULTIPOLYGON,1,22,Metropolitan Region,Werribee
MULTIPOLYGON,1,0,Metropolitan Region,Werribee South
MULTIPOLYGON,1,0,Metropolitan Region,Wesburn
MULTIPOLYGON,1,19,Metropolitan Region,West Footscray
MULTIPOLYGON,1,190,Metropolitan Region,West Melbourne
MULTIPOLYGON,1,0,Metropolitan Region,Westmeadows
MULTIPOLYGON,1,216,Metropolitan Region,Wheelers Hill
MULTIPOLYGON,1,0,Metropolitan Region,Whittlesea
MULTIPOLYGON,1,0,Metropolitan Region,Wildwood
MULTIPOLYGON,1,53,Metropolitan Region,Williams Landing
MULTIPOLYGON,1,6,Metropolitan Region,Williamstown (Vic.)
MULTIPOLYGON,1,5,Metropolitan Region,Williamstown North
MULTIPOLYGON,1,26,Metropolitan Region,Windsor (Vic.)
MULTIPOLYGON,1,12,Metropolitan Region,Wollert
MULTIPOLYGON,1,5,Metropolitan Region,Wonga Park
MULTIPOLYGON,1,0,Metropolitan Region,Woods Point (Vic.)
MULTIPOLYGON,1,0,Metropolitan Region,Woodstock (Vic.)
MULTIPOLYGON,1,0,Metropolitan Region,Woori Yallock
MULTIPOLYGON,1,8,Metropolitan Region,Wyndham Vale
MULTIPOLYGON,1,5,Metropolitan Region,Yallambie
MULTIPOLYGON,1,0,Metropolitan Region,Yan Yean
MULTIPOLYGON,1,0,Metropolitan Region,Yannathan
MULTIPOLYGON,1,0,Metropolitan Region,Yarra Glen
MULTIPOLYGON,1,0,Metropolitan Region,Yarra Junction
MULTIPOLYGON,1,0,Metropolitan Region,Yarrambat
MULTIPOLYGON,1,19,Metropolitan Region,Yarraville
MULTIPOLYGON,1,0,Metropolitan Region,Yellingbo
MULTIPOLYGON,1,0,Metropolitan Region,Yering
MULTIPOLYGON,1,0,Metropolitan Region,Yuroke
